Date,Solana,Wrapped Bitcoin,Bitcoin,UNUS SED LEO,BNB,Dogecoin,XRP,Aave,Sui,Avalanche
2023-10-01,0.1141071597157905,0.0354011060407906,0.0376682419133327,8.96987303424801e-05,0.0150163415510244,0.0169292352523078,0.0170720433220026,0.0677700541058596,0.0182119312730761,0.0536681403681298
2023-10-02,-0.0194989527240696,-0.0140422252190598,-0.0161867099209362,0.0054417784821407,-0.0150848110806928,-0.0179292378190443,-0.0216939005426459,-0.0404832010946053,-0.0154471462124008,-0.0423842186588631
2023-10-03,0.0077441534673108,-0.0047907870809655,-0.0036615970105057,0.0138153954767166,-0.0061557258382184,-0.0108604280278215,0.0498311636372046,-0.0586500342882414,-0.0057803268165484,0.0082347390919892
2023-10-04,-0.0173189309217917,0.0122797100949665,0.0134676013477212,0.0104052386790931,-0.0001070937988685,0.0016615913688036,-0.0101339199469479,0.0223890611847994,0.0,0.0733439620699933
2023-10-05,-0.0194707106181417,-0.012494094909527,-0.0137946321616435,0.0005076177174352,-0.0128080885212896,-0.0091887830033501,-0.0179480173522292,0.003337737300225,-0.0196567204837365,0.0038242007137059
2023-10-06,0.0321806555677943,0.0198057762934613,0.0193568444762239,0.0216970378015295,0.0136503653228343,0.0082563215987774,0.0054016662141551,0.0319353883477744,0.0101666313902872,0.0517897222484198
2023-10-07,-0.0058550658081155,-0.0002794019554503,0.0007958817661306,-0.0035541660104381,-0.0055772628134249,0.0004721353423107,-0.008147208886579,-0.0322703615856221,-0.0002795660094095,-0.0275692596258306
2023-10-08,-0.0017553080438256,-0.0006394704653401,-0.0012067000343434,-0.0284963814557981,-0.0039765711098774,-0.0072736361045756,-0.0075588187932339,-0.0107225194857214,-0.0100671256737865,-0.0257390022071414
2023-10-09,-0.0485248307695993,-0.0123650623193826,-0.0125795947441215,-0.0131363176888466,-0.0272741490620448,-0.0365361540871151,-0.0284462132322141,-0.0415109801731979,-0.020338940912583,-0.055291422850045
2023-10-10,-0.0006004444478937,-0.0064599321279448,-0.0069845002171304,0.0075792041621611,0.0137346258684769,0.0041851603410436,-0.0115077460561419,0.0119135825836158,0.0063436949456723,-0.0005018253283911
2023-10-11,-0.0044196241632581,-0.0210628686834074,-0.0189003267351682,-0.0018344297752284,-0.009797140949635,-0.0094028156188663,-0.0172846356836803,-0.0126424814540005,-0.0106017331139046,-0.0240538934297702
2023-10-12,-0.0321324092629143,-0.0038417373126752,-0.0043359541366684,0.0018700432166987,-0.0063137523942817,-0.0097998645592235,-0.0118403204939485,-0.0044720390621827,-0.021141063005057,-0.0200407645949701
2023-10-13,0.0251005710780638,0.0048344674854272,0.0039457699163931,0.0059596452597314,0.0039307311607543,0.0086532873561095,0.0054839235885835,0.0120230859928751,0.0,0.004302391392414
2023-10-14,0.0080971995892655,0.0004494029319486,-2.486633255627257e-05,0.0055655880228722,0.0027460265043139,0.0250179668481194,0.0022153903020085,0.0099865373069654,-0.0050295553712835,-0.0006590547646597
2023-10-15,-0.0040747005323868,0.0090494494106481,0.0110918234702426,0.0160032531950067,0.0152012627602853,-0.0085033380677141,0.0022001463376495,-0.0055048981836628,0.0,0.0024502615967689
2023-10-16,0.0940118446531661,0.0515281217676093,0.050067446958242,-0.0322828139939288,0.0242270938116218,0.0128728083554974,0.0207668029270475,0.0141004763195069,-0.0035682698149464,0.0271713360058045
2023-10-17,-0.0009856865492913,-0.0025688540306061,-0.0036367703063566,0.0031630306202927,-0.0148061934398361,-0.0165352594072814,-0.0126170191692248,-0.0342155676470633,0.0277529132492322,-0.0328590533218613
2023-10-18,-0.0220031185559974,-0.0043782235020004,-0.0030759792019486,0.0142736552686915,-0.0053968021198751,-0.0075608522899707,-0.0068640125325232,-0.0090838678605208,-0.0066782644814198,-0.0216396477176115
2023-10-19,0.0642613638259859,0.0140752093591318,0.0138188407410837,0.0510026361746356,0.0030552221915196,0.0035791306543007,0.0651377240297641,0.0298337980002685,0.0029231441760628,0.0168318975245644
2023-10-20,0.0840388715508451,0.0338177983399101,0.0335358308702053,-0.0206061538388918,0.0054781397623739,0.018375412059191,-0.0079268572884927,0.0306084224013589,-0.0014573121545088,0.017202542158478
2023-10-21,0.0870231068257221,0.0098741998547684,0.0079325975626527,0.0044695971924986,0.0094433058096441,0.020395257869733,0.010152925150203,0.0623555416389089,0.0166374688251109,0.0452826293969652
2023-10-22,-0.011894906206312,0.0016306841542113,0.0025230073950464,0.0053669633344242,0.016059824834016,0.0066679334325689,0.0023866192887689,0.1333294760350634,0.0186620814471465,0.0440081563276342
2023-10-23,0.0969223147453317,0.0980830593601245,0.1030989052134629,-0.0092184192656519,0.0487050300021894,0.0891129181017926,0.0466672073997844,0.0677650389716322,0.0487598421476513,0.0498684552432255
2023-10-24,-0.0533562040420287,0.0278363166845838,0.0246414554013447,0.0044901698332571,-0.0140563584076713,-0.0078854988385158,0.0213250068992156,-0.0166666171432307,-0.0153184545726681,-0.023709826458007
2023-10-25,0.0766637257672322,0.018145579218556,0.017736456610143,0.0491916160264964,-0.0131606511677523,0.0271200196574614,-0.0057758233933919,0.0289577021957088,0.0477619916679232,0.0189263746873917
2023-10-26,0.009624091568529,-0.0089675973443029,-0.0100331471996967,-0.0289813926735146,0.0047533841584355,0.0512865142320786,-0.0029227748779609,-0.057494013524611,-0.0520968738042804,0.0516481733602744
2023-10-27,-0.0316027341569076,-0.0094010078229566,-0.0072269285056373,0.0140464462122364,0.0055540681245525,-0.055463477722226,-0.0136828997878086,-0.0293364061495603,0.0049463875292523,-0.0410790356587317
2023-10-28,-0.0027215130958996,0.0063489247613832,0.0053015185391298,-0.0162908013917874,0.0057831239799901,0.0164993676758891,-0.001311045272646,0.0211284060015741,0.0057424556852818,0.0353099698929064
2023-10-29,0.0369405358274299,0.014425481678453,0.0131684322930936,0.009124759452074,0.0060873878860499,0.0051883366192797,0.0201744388038525,0.0567062963249804,0.0059814938256808,0.0353895413408713
2023-10-30,0.0651906906470638,-0.0026354270544297,-0.0010457086417764,-0.0084626626465561,0.0050142408497528,0.0041956312712787,0.0405289187424784,-0.0098799103411321,0.0043242943233696,0.0080205464860303
2023-10-31,0.1017431542709477,0.0033215391504903,0.0047943953114624,0.0029607056696161,-0.0080928170458681,-0.0197128558080026,0.0368567339529863,-0.0280252864464614,-0.0387513284692795,-0.0111861864300008
2023-11-01,0.0763775963936199,0.0218955388174157,0.0221956130016252,-0.0139114152261249,0.0068899744258208,0.0082604901972762,0.0154194280026702,0.0925378106045049,0.0067189110304701,0.0781276948512175
2023-11-02,-0.0302442888628512,-0.0144358216897416,-0.0140815572242178,0.0075233056499652,0.0163285697602397,-0.0131753437861448,-0.0050842182123418,0.0333080629282815,0.0166852037676048,-0.0262120102110394
2023-11-03,-0.0171064554633021,-0.0039148767671458,-0.0058937701457594,0.0078916195176463,-0.0048206266215381,0.0030912660492543,0.0108222061775298,-0.0200258719545689,-0.0060174877725669,0.0186763871066897
2023-11-04,0.0715296758607351,0.011346327888178,0.0100733567827611,0.0030770042096297,0.029698419102027,0.0137208807263127,0.0051908377945109,0.000492281535251,-0.0132085581472128,0.0088020118614278
2023-11-05,-0.026164891406161,0.0004828777062964,-0.0009360829177728,-0.0044170371587595,0.028922893041144,0.0310514034970783,0.072970090885418,-0.0101328446905072,0.0786391652950053,0.0121888831578211
2023-11-06,0.0215814287876214,-0.0026285724074313,-0.0003419285416157,0.0033377988829232,0.0422078104571854,0.0724053909384394,0.0822358510110612,0.1133829406283883,0.0423991331091919,0.0577776502787485
2023-11-07,0.0228812531822277,0.0097326469203986,0.0115930902796088,-0.0020477839076377,-0.0323581147507875,-0.0374831100919611,-0.0406908043503776,-0.0178847186077713,-0.033482109344019,-0.0196979640649761
2023-11-08,0.0022589393554719,0.0103909048324732,0.0059732946920896,0.0242042586640158,0.0029545890012498,0.0267009032453164,0.0024387988275356,0.0238464416386201,0.0028226457877114,0.0154732220891511
2023-11-09,0.0522099069331576,0.02761210582303,0.0291078273278926,0.0039898211769602,0.0177545304020778,-0.0267616224757397,-0.0299400554400554,0.0079763854758121,0.0174002182459473,-0.0038078244589555
2023-11-10,0.2464312152792611,0.0160810999417895,0.0169198930317326,-0.0025085973588239,-0.0017036324968461,0.0269938372795552,-0.0103374847701076,-0.0047619909871134,-0.0010060438759342,0.1369197564980964
2023-11-11,-0.0095542778206467,-0.0096426537346935,-0.0047145338500075,0.0080233292390632,0.0013511448906451,0.0392609186600481,0.0032698979094183,-0.0346109509055364,0.0032728766953131,0.1382862799140458
2023-11-12,0.000916843816159,0.001435077718312,-0.0022492093215127,0.0144035785346152,-0.0150408744415834,-0.0054204528447111,-0.0018091802316211,0.0272544710288276,0.0062735153116704,0.1225807038004223
2023-11-13,-0.0756320114996406,-0.0142872479690421,-0.0149013958212123,-0.0161227309543093,-0.0254601297305078,-0.0410228585039429,0.0150982112190833,-0.0616298843214351,-0.0491271521303923,-0.1393419544377055
2023-11-14,0.0950029697683316,-0.0264532296669932,-0.0264288381218549,-0.0045848313401203,0.0038477794985942,-0.0310903480796692,-0.0623223962643291,-0.0278011441587133,0.002360364200151,0.0537002011779044
2023-11-15,0.152995680020435,0.0625028669601774,0.0659284455874031,0.0019845951806807,0.0474345518345036,0.0538112335879414,0.0317228250992034,0.0524831414896478,0.0478806898293089,0.2131951755790753
2023-11-16,-0.1169309261937954,-0.0437643068570416,-0.0455592920556572,-0.0087302490735158,-0.0433348907493695,0.0382550169886235,-0.0576927752600284,-0.0446270689764617,-0.0461922626511018,0.0494943854849587
2023-11-17,0.0094093585102961,0.0120731458822851,0.0122228427460457,0.0115857238050121,0.008182937356838,0.0886385719907156,0.002530360085585,-0.0284370786622161,0.0060209273303244,0.008268136152399
2023-11-18,0.0016569162654871,0.000865888208847,-0.0003000399946588,-0.0036950571566575,0.0008392337180802,-0.0686063061794558,-0.004119181509223,-0.0060293493449902,0.0026021536138129,0.002485197522696
2023-11-19,0.0492342927329199,0.0226721168790733,0.021889527372586,-0.0082781106033145,0.0066830734737535,0.0024010031121091,0.0266856510354445,0.0406039545567904,0.0067479795309699,0.0392943954850799
2023-11-20,-0.0791569355272754,0.0007640181922032,0.0024182537251242,-0.0178070304498219,0.0285792837629963,-0.0334715769088231,-0.0233577445223954,-0.0150976984847092,0.028357800258798,-0.0874049794418674
2023-11-21,-0.0801884344843338,-0.0388682364601267,-0.0443777900607883,-0.0067298520253663,-0.1070383520766077,-0.0739608803125531,-0.0528358748672287,-0.0585168656820274,-0.1095512281131156,-0.0870878371867173
2023-11-22,0.1074621988947457,0.0406363115583481,0.0451928245212653,0.0300552484984175,0.042608262891099,0.050818790104764,0.0541586538264067,0.1202757303482993,0.0022522693777253,0.0919910176942049
2023-11-23,-0.0171768347553522,-0.0040410564907349,-0.0038127124992917,0.0077295275213058,-0.0100399032066793,0.0054893272966294,0.0136345721910913,0.00843708543549,0.0,-0.0059773516573726
2023-11-24,0.0047186174466382,0.0116980578198306,0.0115490622757274,0.0003655493682293,-0.0036996552758615,0.0264698005581296,0.0026425306945057,0.0307783735323954,0.0289325421626083,0.0103170999704103
2023-11-25,0.0348192913006577,0.0016015827845239,0.0020283973558654,-0.0289237962959079,0.0066078999321055,0.0094353192022791,0.0025133628129268,0.0057894088644308,0.0062789906095443,0.0211433884343181
2023-11-26,-0.0204564244825736,-0.0076480939411609,-0.0084047309321361,0.0051052541176024,-0.0102062215052912,-0.0031790589951407,-0.0106264499163691,-0.014928387459814,-0.0105805296852933,-0.0101684365291019
2023-11-27,-0.0447251640692998,-0.0097958965790367,-0.0060020917896475,-0.0031150672487066,-0.0199343808246551,0.001067262733313,-0.0205344616894458,-0.0191502626970228,-0.0205648763712037,-0.0356081879587567
2023-11-28,0.0568377524963872,0.0177432640298558,0.0154859979488453,-0.0195418523544151,0.0099879940639926,0.0281896132540677,0.0120317620206382,0.0083656926610211,-0.0061589963460811,0.0144839022470804
2023-11-29,0.0181419512753104,-2.462258644342352e-05,0.0007244373065387,0.0185878845282587,-0.0102319393711275,-0.0051352709557862,-0.0033757202578017,-0.0056242728844602,0.0045070109569302,0.0209545245122362
2023-11-30,-0.0001435739456682,-0.0010214486631261,-0.0038497596002547,0.0012797221113154,0.001500154203583,0.0350402777699452,-0.0049232485967636,0.0190798564669791,0.0022434271208922,0.0142483904178916
2023-12-01,0.0094928883988214,0.0248626448881403,0.0258799479577476,-0.0018207806073476,0.0037852128132547,0.0052747221338969,0.0108137236620193,0.0200654649842015,0.0036374088099215,0.0221870840440119
2023-12-02,0.0673677713687066,0.0198403780159015,0.0203568745759425,-0.0227863614042915,0.0033043870373061,0.0288824724373752,0.013151892243193,0.0419882945212648,0.0039029477254468,0.0173685198718231
2023-12-03,-0.0124213840330486,0.0125489758544652,0.0127179646111132,-0.0500422582945604,-0.005244798522172,-0.0076959139895264,0.0044236804499182,-0.0154267167388089,-0.0036100711895188,-0.012248291873372
2023-12-04,-0.0240062221230895,0.0490628851638612,0.0500697251679325,0.0148484078640058,0.0227844746319465,0.0738772284623929,0.0010437356984462,-0.0285487096714346,0.022575227559819,0.0302276351669539
2023-12-05,-0.008643154777534,0.0513770597501994,0.0500368245555349,-0.0056522107192057,-0.0087183529908384,0.0250924272312316,-0.0038069710366055,-0.0116384729166056,-0.0079040577831307,0.0818308481928671
2023-12-06,0.0148885867031274,-0.0087001994320649,-0.0075816290559757,0.0200337825372161,-0.0079431541842591,0.0065466799076456,0.0294792387970996,-0.0251164092054572,-0.0082417570116568,0.0707671445040472
2023-12-07,0.0958737978500554,-0.0083516021647289,-0.0103729856622278,0.0079536308352707,0.0154866882891873,0.0111316527063842,0.0051520035595253,0.0255657668762825,0.0022160833474234,0.0032891453474719
2023-12-08,0.1056137000598314,0.0207107021766241,0.0201867341482688,-0.0145650276965807,0.0254898201901716,0.0578607667262895,0.0458430095774791,0.0071289526559092,0.0,0.1647327222125418
2023-12-09,-0.0365965093702709,-0.0117594669991893,-0.0099762529131086,0.0058854142396747,-0.0048024607605841,-0.0288558553140868,-0.02127945375442,-0.0081408243327271,-0.0074626788831813,0.0385456545368281
2023-12-10,0.0338826658236677,0.0011393944513082,0.0012284421841561,0.0031060146395158,0.0082624611877899,0.0330722255410007,0.0041953973852502,-0.0079004873988351,0.0072403131173364,0.1652319066020502
2023-12-11,-0.0580772785530824,-0.0567100485608613,-0.0579233579205116,0.0350755617037064,0.0278964903401099,-0.0728578382448011,-0.0625277660479536,-0.0638121333203117,0.0298589684888139,0.028722205462375
2023-12-12,-0.0259565966827443,0.0037855567470628,0.0050041573451182,-0.052118068794238,0.0327655364849228,-0.0058166218108828,-0.0010674250923605,0.0118142282165507,-0.1159731636584384,-0.0185892445870219
2023-12-13,0.0324931732400806,0.0364874252898734,0.0347529986315475,-0.0149284044605106,-0.0081402598769932,0.0276335659540516,0.0144250116914961,0.0225406073007252,-0.0075918487920163,0.0433560405732034
2023-12-14,0.0685699962536419,0.0027482419829889,0.0031062756659134,-0.0058576239362121,0.0044286295893414,0.0189467953532687,0.0062785908331985,0.129278531408137,0.003671998616689,0.006449781596687
2023-12-15,-0.04299561690074,-0.0256148024850749,-0.0254326780209833,0.0144375834213006,-0.0340882507946972,-0.0534425503787159,-0.0267854854008049,0.0126057326830739,-0.0332317467699762,0.0128850275948291
2023-12-16,0.0152622705614899,0.0054467478754487,0.0074018880907409,0.0109881971289689,-0.0022354985126168,0.0435679983619039,0.0070561972109504,-0.0343060521478809,-0.0025228092901107,0.0570126630502585
2023-12-17,-0.0336581789242911,-0.0177112038673976,-0.0207256320126656,0.0041557057762091,-0.020637032406767,-0.0407908841545889,-0.0151927482997096,-0.0395716150171031,-0.0218147510243441,-0.0337337949560708
2023-12-18,0.0471354519254947,0.026784597829951,0.0304335845227197,0.0018601150189803,0.00852517848913,-0.0113967143401811,0.0034598771715774,-0.0133771566812508,0.0093729759480949,0.0098095724856144
2023-12-19,-0.0182574741419322,-0.0066441057446712,-0.0082820837151126,0.0168062844698833,0.0467736919447041,-0.0188948100533455,-0.0115488197009345,0.0217944245253096,0.0393852078212877,-0.0301956122419023
2023-12-20,0.1260650899480135,0.0316791052751228,0.0326876134052842,0.0173271359766278,0.029568762283072,0.0124035249761171,0.0195934854820885,-0.0126417612042643,0.0194085068827798,0.090529445371956
2023-12-21,0.1419078621687299,0.0065406517244208,0.0049688697318006,-0.0075028684796357,0.0428254746633836,0.0392377794487301,0.0106768496423734,0.0161626850782377,0.0553037152213122,0.0583817362578942
2023-12-22,0.0442052984708338,0.0023053150194753,0.0029348640929083,0.0165668266844114,0.0004789491875076,0.0020420005268515,0.0023913125928292,-0.0145286411970646,-0.00372282325687,-0.0112756958938443
2023-12-23,0.097858945595125,-0.0040390901717368,-0.005872083923035,0.0091404411952635,5.330355531341091e-05,-0.0171852194590401,-0.0083098371942483,-0.0067285465018618,-0.0155216862105275,0.0577347913947057
2023-12-24,0.0454576751179975,-0.0166106848207795,-0.0165393996404319,-0.0096172416562129,-0.0245913077780023,-0.0178170663543802,-0.0107818957488352,0.0039024509214049,-0.0166423265172268,-0.0074025686776808
2023-12-25,0.0769989843771512,0.0125437348400712,0.0138790638610564,0.0045878314479155,0.0089010577283339,0.0277925833582113,0.0534930891729275,0.0310397282975234,-0.0053444586929604,0.0132875304374315
2023-12-26,-0.0699131155673227,-0.0251854360444087,-0.0250552532009955,-0.0015808057392066,0.1146496698836536,-0.0327477985253298,-0.0370827948119352,-0.0006693879849526,0.1173134956985524,-0.0810664537273132
2023-12-27,-0.0501695300859619,0.0233650897108546,0.0216943649202225,0.0043383599324673,0.0872848190206023,0.0243333758780976,0.0200636510487501,0.0895773046330372,0.0769436521864854,-0.045370103787415
2023-12-28,-0.0459638676649966,-0.0201768177354357,-0.018760276947869,-0.0033593367158304,-0.0002420269012853,-0.0181130339497076,0.0002237324239076,0.0611376227850111,0.0071942412800081,-0.0590314343804744
2023-12-29,0.0412023417681319,-0.0135788434597823,-0.0123968967987939,-8.631419610793944e-05,-0.0300379339573424,-0.0092072450740167,-0.0182615120159114,-0.0549850831226085,-0.0401478004272155,0.0076232064210475
2023-12-30,-0.0420126703124479,0.0046114593118344,0.0013658151137276,0.0006481367291424,0.0104736145087995,-0.009776155229508,-0.0024991992504027,-0.0094796378340239,0.0074416184794112,-0.0202988399212795
2023-12-31,-0.0033311761243636,-0.0008371391422239,0.0025686222238776,0.005575179502103,-0.0149148909515359,-0.0074987644076678,-0.0111008432914196,-0.0206997465250472,0.004839508761768,-0.0215748374450464
2024-01-01,0.0788413996963901,0.0451917993509931,0.0450049945064126,-0.0004725508941572,0.0063136037854663,0.0285228353475215,0.0246218909803026,0.0641102451950006,-0.0190114335486212,0.0861217042181077
2024-01-02,-0.0264587325675189,0.0193134422078824,0.0179009390513014,-0.0005412566553472,-0.0073295581444986,-0.0089106756141003,-0.0074895312865681,-0.0496499245229159,0.0059431978646136,-0.0291238303130941
2024-01-03,-0.0751964433874783,-0.0484195941153877,-0.0469281203624218,0.0138320987924185,0.0146023992526462,-0.1004561319753609,-0.0684131015979069,-0.0697775145615405,0.0113023037613846,-0.094720475034111
2024-01-04,0.0657552404749064,0.0346305127582708,0.0310805785653249,0.0054360290723958,0.0219121219518565,0.0254625826784038,0.0096914591362655,0.0142016863154585,0.0121919991181194,0.0527936861973481
2024-01-05,-0.0485236652185627,-0.0022846361946665,-0.0003900067727314,0.0028003481494809,-0.0190040763976809,-0.0161415219726188,-0.019958363711071,-0.0122501783477964,0.0122961461005548,-0.0594505642650423
2024-01-06,-0.0612236939902719,-0.0061840500310383,-0.0039285670375933,-0.0101568266484751,-0.0304167066020868,-0.0254793060130669,-0.0138320255835762,-0.0331688642278025,-0.0560238205257838,-0.0496960741068875
2024-01-07,-0.0488119160609648,-0.0001941396022258,-0.0010479313368322,-0.005465617945412,-0.0159325825094861,-0.0302365326536949,-0.0294998484490905,-0.0449354681924875,0.0,-0.0287234503175831
2024-01-08,0.0953679184325533,0.0685511781440444,0.0688937833577922,0.0044266012861349,0.0053150003168729,0.0402045606981571,0.0474534168737423,0.0427189472366575,-0.0091911244320034,0.0729401897408883
2024-01-09,0.0165531910876528,-0.0168407915430434,-0.0176871306119723,0.0058033218367243,-0.0115740144513823,-0.0258940856566765,-0.0195354983153256,-0.0238486031780248,-0.015107394597397,-0.0384560938187023
2024-01-10,0.0263942677075965,0.0121147791963278,0.0105775840049726,0.0102737796098772,0.013691211608551,0.0464150961131735,0.0588670475138968,0.1061129910864604,0.0298708692139524,0.1088738109104814
2024-01-11,-0.02081268330792,-0.0054415880812148,-0.0055587338924432,-0.0041533919191928,0.0118148565033773,0.0202912483301958,0.003510082558914,0.0273565911201332,0.0015678196052386,0.0253009675660806
2024-01-12,-0.0819595229749842,-0.0762320669696334,-0.075814646870802,-0.0041875068328814,-0.0391026432522425,-0.0541093089338744,-0.0528089057858661,-0.0622176480907874,-0.043829927332309,-0.0906074518440837
2024-01-13,0.0437102079904387,0.0010801189097309,-0.0002516769882185,0.0019914749119325,0.018868029350245,0.0109562053361669,0.0083797814179094,0.0296961522010257,0.0,0.0161448601857809
2024-01-14,-0.0166813720852926,-0.0238496452869741,-0.0244177193838242,0.0003322335379341,-0.0105085292057744,-0.0116777907177046,0.0020084558707689,-0.0622722861978074,0.0242837598877647,-0.0305299565092671
2024-01-15,0.0037934162134747,0.016865335959366,0.0171235190790146,-0.0153139617155957,0.0619155585788964,0.0143414692767638,-0.0005432586790539,0.0248701562577,0.0372935899564534,0.0092334075014108
2024-01-16,0.0331959012106799,0.0151187472925224,0.0151246009395882,-0.0008218343531538,-0.0073716774597532,0.0022804057854894,4.688308228639748e-05,0.0160620690584933,0.0059064481231478,-0.0020626410083709
2024-01-17,0.0454452919646566,-0.0130127714225589,-0.0095537826722856,0.0013413548766425,-0.0194808300322171,-0.0099003568416827,-0.0138449704003617,-0.0224800409611238,-0.0372733527008009,0.0116842686868394
2024-01-18,-0.0765468302426131,-0.0332334877999235,-0.0346397256326677,0.0026246023345628,0.0136127076028993,-0.0312775388289973,-0.0282865809928128,-0.0431246530728404,0.0023865912273177,-0.0688325386792624
2024-01-19,-0.0091753367685901,0.0093799788063539,0.0086362064423022,-0.0077951321872093,0.0032160589426377,0.0070395838902306,-0.0138628989607713,0.0004897081689216,0.019312193624424,-0.0264002291902657
2024-01-20,-0.0087414438455492,0.0004926321507565,0.0011336255217606,0.0075736796117331,0.0084630571307087,0.1190792305379699,0.0162974888020064,0.0038269754944386,-0.0036335599781206,0.0050676818624668
2024-01-21,-0.0185957439162951,-0.0024743303586085,-0.0028752933279206,-0.0031771026063261,0.0042854152613509,-0.0297538310876244,-0.012682445117487,-0.0071580413322702,-0.9695233116912464,-0.0102223908939586
2024-01-22,-0.0795349323117859,-0.0479841743574147,-0.0490643746672181,9.149052648771416e-05,-0.040467881871792,-0.0578377841859277,-0.03551474740516,-0.0521309686647989,8.73504296360336,-0.0920748902745972
2024-01-23,0.0077932713410358,0.0037906389836919,0.0085600134310392,0.0029052008233512,-0.0230263894106644,-0.0272214538449021,-0.01704718027781,-0.0219112284445992,-0.6900790234114784,0.0376042721161948
2024-01-24,0.0528926778023739,0.0075394622199296,0.0058105217009309,0.014588786403151,-0.0178029492235658,0.0110295365375323,0.0004849079313875,0.0047050475172119,0.0,0.020465736283119
2024-01-25,-0.0207681120715731,-0.0037540237379786,-0.0035747525934159,0.0038427424677831,-0.0039992628086988,-0.0137061037506742,-0.0084596825668609,-0.012718600953895,0.0,-0.0236155915448459
2024-01-26,0.063910740632219,0.0495277631429569,0.0471545932209109,-0.0076515017588778,0.0356218750689318,0.0252525098016351,0.0361814294943678,0.0293035807026957,2.592067862545854,0.0590270110076365
2024-01-27,0.0186153614304205,0.0047200610534712,0.0072502697074174,-0.0078134247729141,0.0115998254050226,0.0030161884445463,-0.0036246241033078,0.0023950782873733,-0.788643529213189,0.0304259260944359
2024-01-28,0.0188477528368005,-0.0033129724151396,-0.00200524282617,0.0007203340486765,-0.0027767943138532,-0.0165830317863369,-0.0116283343826475,-0.0048503460421619,0.0186567496454048,0.0460529273493295
2024-01-29,0.0586700382821714,0.0303131470804922,0.0297998013588187,-0.0078714833591043,0.0187962284462379,0.0314161273922295,0.0209810529888074,0.0276706504231696,-0.6886447039719163,0.0367880465463192
2024-01-30,-0.0009224381271619,-0.0058117390211214,-0.007753530092744,-0.0290902379881348,-0.0104447574371788,-0.0192646024329937,-0.0455848688044017,-0.0070884710087399,2.294117747763881,-0.0257524912436094
2024-01-31,-0.0437975451017297,-0.0091475861255023,-0.008614235820219,0.022947014661216,-0.0231301648575738,-0.0120291694391906,-0.0146955722108926,-0.0757634558214396,-0.3571428645675253,-0.0564203185653131
2024-02-01,0.008430345406305,0.0105605496173046,0.0115814418427713,0.0084798820689104,-0.0005832204825407,0.0071479753394145,0.0052981588400529,-0.0249352825101377,-0.3277778029294039,0.0201026251228979
2024-02-02,0.0265090843933883,0.0022909384516967,0.0025556346111748,0.0061908702289166,0.0032616373618821,-0.0011850186295034,0.0090004531686813,0.0238188256069031,-0.2231404561106335,0.0851167502203722
2024-02-03,-0.0254930899799011,-0.0031033463984631,-0.0044831659668692,-0.0011811530909076,-0.0047093475375461,-0.0073453569349416,0.0167061919644921,-0.0020379139840622,-0.7234042664356524,-0.0215625246810686
2024-02-04,-0.0245507070714944,-0.0094458799963554,-0.0095056194721141,4.411079824007125e-05,0.0166727534835104,-0.0052510529435387,-0.0301597040873146,-0.0275465498259487,0.4615384131038318,-0.0298305868902949
2024-02-05,0.0007509775173411,0.0008697285399421,0.0017632602500394,0.0123654590827975,-0.01273282567203,-0.0002300749257664,0.0058734420912172,0.0088356641767854,0.0,-0.0098785843326867
2024-02-06,0.0137355780064027,0.0133158026990212,0.0099863386864791,-0.0010171443013142,0.0061694689343132,0.0031449221703923,-0.0021550940057326,0.0058314062855433,-0.5,-0.0104144426282961
2024-02-07,0.0425165852419404,0.0246104789716312,0.0286308500811809,-0.0013180733698511,0.0162678343407729,0.0208753183773522,0.0170958061540795,-0.0050774125067452,6.631579189224239,0.0333254338752226
2024-02-08,0.0178884060480724,0.0239738116376215,0.0221882487848668,0.0059119664024489,0.0365280931534626,-0.0029087436892967,0.0014402637416996,0.0136902009351662,-0.5793103475958479,0.0042097726022121
2024-02-09,0.0403528895062534,0.0421891931195592,0.0407410374279104,0.0010508619525482,0.0155874448285611,0.0213844940310279,0.0223544790279928,0.027869993740007,0.0,0.0729144144570965
2024-02-10,0.0205561286321613,0.0118447976779227,0.0132368016624795,0.0162165523816781,-0.002187498586461,-0.0016057577126965,-0.003648133056917,0.0093200187802537,0.0,0.0599132205880066
2024-02-11,-0.0149927852752502,0.0079689118101742,0.0109404783388815,-0.0084123349777086,-0.0072612131840626,-0.0031308756517471,0.0037625922025579,-0.013273809400543,0.3442622989927211,-0.0138017511223242
2024-02-12,0.0418387377603177,0.039127399123519,0.0344619935076904,0.0098551741491441,0.022310947769343,0.014188431517571,0.0110495710227191,0.0421906292483009,0.0,0.0341263891694516
2024-02-13,0.0052374414423104,-0.007172189464954,-0.0043192339224062,-0.0002377973759576,-0.0093808082177618,-0.0152529474105463,-0.0132770401146333,-0.0142425823694279,0.0,-0.0321950878941662
2024-02-14,0.0390570747685938,0.0435278861730163,0.0419009169499291,0.0004816829487452,0.0288663090371865,0.0549273258498275,0.0258481568424364,0.0163521484730273,0.0,0.0629452599362561
2024-02-15,-0.0280135016740126,0.001440377632951,0.0021583350882306,0.0058783656207204,0.0612268972073408,-0.0021860599246414,0.0452339068313836,0.0145219265630842,0.5975609215043864,-0.0159075412857201
2024-02-16,-0.028614873880488,0.0048856585594199,0.0042675126182003,-0.0198771550530674,0.0174214181267682,0.0076971703225343,0.0039182491016751,0.0247981518423172,-0.5801526473764919,-0.0308653325621279
2024-02-17,-0.0132363320161748,-0.0080911517004331,-0.0095323062691773,0.0119963555906281,-0.0221182655744425,-0.0281352048327218,-0.0266815607942897,-0.0097523924845993,-0.4181818241950062,-0.0136346220323039
2024-02-18,0.0292763900082833,0.0086898342154662,0.0088951631921632,-0.001945071332904,-0.0091472802925399,0.0188173209837057,0.0127608569066188,0.0081770826766256,0.031250010658141,0.0123778025380731
2024-02-19,-0.0061452936106261,-0.0046577987662447,-0.0065883646202773,-0.0049560632364603,0.0060830944310912,0.0506188244081531,0.0102243515715356,0.0209589095476867,0.0,-0.0191885007919436
2024-02-20,-0.0271397878749204,0.0084328498469301,0.0097670688329889,0.0387392552268879,0.0086889199918633,-0.0372609788998621,0.000577721071012,-0.0275062037220197,-0.0303030403250104,-0.0241837922997525
2024-02-21,-0.0307434104983798,-0.0109491362060208,-0.0085243641205989,-0.0380204944969722,0.0667112078836749,-0.0177379739243952,-0.0247245312075139,-0.0226394480338347,0.0,-0.023151514575442
2024-02-22,-0.0328696485579876,-0.0079575314454309,-0.0103050826511981,0.0094734634447828,0.0091733163838405,-0.0062163457013056,-0.014735810588465,0.0010792686217282,0.0,-0.02350742516854
2024-02-23,-0.0168692733930492,-0.010539671387638,-0.0111689648747954,-0.0058798857324088,-0.0175144052068367,0.0041027853841419,-0.0117948908383894,0.0325895875816253,0.1250000426325641,-0.0224323649348732
2024-02-24,0.041807193841326,0.0154848569453001,0.0165409048276792,0.0215985946938526,0.0171153191912871,0.020394633506698,0.0198004190904719,0.0683664990616961,1.7777776093528388,0.0225941770903799
2024-02-25,-0.0065303737881244,0.0054442176357052,0.0031439452297428,0.0073398419224117,0.0178364319685395,-0.0006616415576961,-0.0049402103446458,-0.0097925431542659,0.5799999927231569,0.0193784266869407
2024-02-26,0.062492256554937,0.0509621970942257,0.0539143528448111,0.0231119288189796,0.033694775151521,0.0382117983262735,0.0165553508144329,0.0240107896369787,-0.3797468371914385,0.0503663691132527
2024-02-27,-0.0139234837590707,0.0443530525547408,0.0470076269538002,0.0065218973642666,-0.016552609298319,0.0926512895758719,0.0632075892864381,0.0206730698548656,0.0,-0.0017170709984516
2024-02-28,0.0891621616732396,0.0952307187905601,0.0949353199412474,-0.0282261165202624,0.05259797467662,0.1936193568171313,-0.0178197411348386,-0.0035961514566621,0.0,0.0261313342477782
2024-02-29,0.0648807645771067,-0.0165127682464754,-0.0209008984686548,0.1199154818125951,-0.0384655641616077,0.005172306581086,0.0182593955223464,0.0121757501158492,0.0204081708412722,0.01589779530262
2024-03-01,0.0340373338771131,0.0198276994707473,0.0202987390010944,-0.0024656005081736,0.0200912232559073,0.1909118745415905,0.0265467752496442,0.0450070105366513,0.2200000072757924,0.0469017421171586
2024-03-02,-0.0022326430490907,-0.0085508715628601,-0.0065788115486197,0.0050356221032865,0.0077857432192411,0.0183724071892708,0.0713768287090197,0.0538310993528223,-0.0737704585621734,0.0345016724277604
2024-03-03,0.0057878612442707,0.0161806458898576,0.0183383238953576,0.0002050341840269,0.0082611176723272,0.0824297235178861,-0.0275707899347479,-0.0334863406876422,0.0,-0.0390006150474261
2024-03-04,0.0210325423535318,0.0809442236973241,0.0817359164921911,0.0219537501320554,0.0112320716689156,0.1889934664302031,0.0367757417360088,0.0150521184744154,-0.0796460433405978,0.0113456394924058
2024-03-05,-0.0562175222017542,-0.0593780868955393,-0.0662840245576039,0.0979797971894922,-0.0581661738992187,-0.1584003007116488,-0.0880312506474948,-0.0742635333374949,0.0,-0.083273315867107
2024-03-06,0.0400560065984367,0.0340300957345367,0.036137337494942,0.0240994075845109,0.0870371155085152,0.0250362590057033,0.0326395454090324,0.2039358339647439,0.2019231475564817,0.0509921848230816
2024-03-07,0.1012363116222816,0.0142959372136282,0.0123841969275335,-0.0009534406622351,0.1078727180743817,0.0020913810565983,0.0267389648712541,0.0512053578675828,1.839999837020296,0.0427724320010027
2024-03-08,0.0087664625525119,0.0178516286542094,0.0205394012137098,0.0595820515577409,0.0269383120577175,0.0456991170090883,-0.0106089558482618,-0.0073877224830388,-0.3915492887311795,-0.0126967104518199
2024-03-09,-0.0043568013324857,0.0014767899221772,0.0029105240064184,-0.0304031189596346,0.0030069020193361,0.0830738387359546,-0.0002411191994229,-0.0146410786316423,-0.0972222212865804,0.0060825784777578
2024-03-10,-0.0006367006539318,0.0075985202761463,0.0076045948285881,0.0083287453275004,0.081323593710046,-0.0511662575739156,-0.021506769884694,-0.0325686856291622,-0.1589743750472637,-0.0220376002015564
2024-03-11,0.0293102685507584,0.0466946078410279,0.0449743070742958,0.0300690428811472,-0.0125747180188893,0.0708862770932001,0.1801417446177162,0.079183603953522,0.036585378838623,0.165376284508538
2024-03-12,0.0152233005486051,-0.011961865097615,-0.0089099054795025,0.0094641550430933,0.0289787314933351,-0.0759541198336251,-0.0415396983973546,-0.01053335782813,-0.4352940954918352,0.134350311264493
2024-03-13,0.0849209271383459,0.0235235401836297,0.0224144102395678,0.0070304369117577,0.1723397007305167,0.00603051076161,0.0039827715208538,0.0553431054611492,0.2604165940325702,-0.0115687674364217
2024-03-14,0.0783688350799065,-0.0230849597295892,-0.0230819028918976,0.0097421627496967,-0.0437271206975973,0.0483098970833419,-0.0303683065974351,-0.0241390912726889,1.9338843338004172,-0.0161766377150019
2024-03-15,0.0355725128604793,-0.0291765999362664,-0.0279119802196445,0.0099607794013008,0.0494438560689161,-0.0795071432382817,-0.054077243062189,-0.0746969844167795,0.1661972205102395,0.0819565462374445
2024-03-16,-0.0059265565342152,-0.0565086873187885,-0.058911152052589,0.002339124769743,-0.0885387806390934,-0.1278127104491987,-0.0484065459513486,-0.0776685703977453,-0.3647343270252853,-0.0853152916305485
2024-03-17,0.1112996876601859,0.0450413614657654,0.0470872279639511,0.0095312693346767,-0.009864564489409,0.0840216638729434,0.0268165549610839,0.0756571025520242,0.0912547856714878,0.0862808512980677
2024-03-18,-0.0303320079387784,-0.0111314238123075,-0.0123120859035869,0.0054193729829012,-0.0289421467005448,-0.0690533113589565,0.0457550778040096,-0.035143364961282,-0.1010453548208398,0.0442931248060352
2024-03-19,-0.1325379161842648,-0.0832879347519132,-0.0834335698143234,-0.0022692364102636,-0.0856188800536745,-0.1040209373170708,-0.0974790180496961,-0.1139990675107502,0.7906977609902339,-0.1180434589259692
2024-03-20,0.126654578674725,0.0953984182504439,0.0969250463889783,0.0029675325193883,0.0978627981597128,0.1822292242316341,0.0474316269794283,0.0987009024778751,0.0995671655622782,0.0654790666594828
2024-03-21,-0.0643638581942288,-0.034278803337861,-0.035667063539995,-0.0146285662338448,-0.0062013066357664,0.0204092223365641,0.0466036582504201,0.0279754906095437,-0.4448819312660604,-0.0554990979756139
2024-03-22,-0.0271008822083791,-0.0304678567928414,-0.026150443438534,-0.0071343296180937,-0.0026564305996887,-0.0166718322846972,-0.0464217591739369,-0.0389956574488061,0.0,-0.0111109812765592
2024-03-23,-0.0083816541379703,0.0120578157453041,0.0044441346713488,-0.0006613455086226,0.0001829577206167,0.0593636148511014,0.0108797804648828,0.0240591808580956,0.4361702413121251,0.0027275835344389
2024-03-24,0.0617181296233573,0.0458291240515513,0.0495138879911882,0.0063993721519899,0.0292007493037487,0.0907780874970649,0.0248609738647949,0.0270704622826747,-0.1382715802746122,0.0421595075865273
2024-03-25,0.030015701536157,0.0401307026026358,0.0405246402092314,0.0016575292271316,0.034212989066118,-0.0061545944959953,0.0127719394199472,0.0181150623221031,0.0,0.0387886268090778
2024-03-26,0.0085481672970444,0.0017859587806658,0.0004148646391046,-0.0030474485559718,-0.0123880789001803,0.0405948670539091,-0.0136982059860716,0.0303762973451735,-0.02578799452854,-0.0346788239112708
2024-03-27,-0.0227498550533994,-0.0101765102152249,-0.0076083533712275,0.0004004459819613,-0.0097197466730266,0.0429841256568854,-0.0320900084798931,-0.0452922316866966,0.0,-0.0305180764547003
2024-03-28,0.0174937578730218,0.0211808631005585,0.0185674608370216,-0.0018225974719245,0.0152464761275021,0.1561813630965103,0.0205730914774757,0.0227583836236413,-0.0529411517977126,0.0093737234175663
2024-03-29,0.0137448627159333,-0.0123841931085089,-0.0120450288304576,0.0062516042632867,0.0503832546244313,-0.0298333363579504,0.0099207150183184,-0.0020126415804373,0.0,-0.0222556375014413
2024-03-30,0.011224136561069,-0.0024003360939937,-0.0035414711944022,-0.0047281212819325,-0.0190017960132252,-0.0658435062187576,-0.0141323723007695,-0.0278617521507045,0.0,-0.0075611467754752
2024-03-31,0.0436688153801192,0.0213280947163461,0.024242032647795,-0.0095018732343044,0.00980384789275,0.1034427545144349,0.0118825685871422,0.0340217700059799,0.0,0.0209047356794902
2024-04-01,-0.050801474387049,-0.0204217785648822,-0.022871394296192,0.0130541702317361,-0.0502743928224722,-0.0658626668233088,-0.0285542450801599,0.0072956696164068,0.2546583300762135,-0.0491573893154353
2024-04-02,-0.0591769098959004,-0.0603455322835199,-0.0610479859894921,-0.0055031315259723,-0.0446137380934958,-0.1131780066483664,-0.0421948576952176,-0.1060873797714356,0.0,-0.0899941723559103
2024-04-03,0.0224998852467783,0.0079221119244248,0.0081568302105263,-0.0379171955356403,0.0205893909191214,-0.0370644162346679,-0.0180181400031967,-0.0060192502111908,0.0,-0.0186790415792401
2024-04-04,-0.0069662968918869,0.0354082621958429,0.0383146426091676,-0.0410005452263361,0.0416744767938768,0.0249448252914072,0.0325942431019956,0.0138798192727642,0.0148515265177293,0.0122150654549599
2024-04-05,-0.0514062889980896,-0.0086673070484475,-0.0097973208750877,0.0323971902635151,-0.011059361288524,-0.0133832683389278,-0.0103309322036025,-0.0212768858581161,0.0,-0.0242222621771606
2024-04-06,0.025293956496301,0.0173141947346122,0.0156029711565459,-0.0012384445156745,0.0120902899641295,0.0475050388100222,0.0099008826214872,0.0415747706618656,0.0,0.0620380985332633
2024-04-07,0.0041053624116405,0.0063956085390273,0.0067702707269166,0.0058614004798667,-0.0031821325600386,0.0707552552456296,0.0025180336353278,0.0351902829905004,-0.0707317476573186,0.0247215024840465
2024-04-08,0.0063173900306729,0.0337000792851711,0.032709358784746,0.0098804893781607,0.0047915710982211,0.0177390780600859,0.0347256354149976,0.0510268477317388,0.1784777550480323,0.0100503137474112
2024-04-09,-0.0463045341917237,-0.0374205690846927,-0.0347940311582283,-0.0035193234858841,-0.0103435132961063,-0.0673065694826215,-0.002718228926027,-0.0236277756940276,-0.1291759539103101,-0.0684267823984042
2024-04-10,0.0059377134811637,0.0218096286114755,0.0209558550176423,0.024388349063122,0.0503651409935181,0.0581108328349224,0.0060995480737298,0.0174417327092553,-0.2225064456424287,0.0181083663338417
2024-04-11,-0.0049642846176943,-0.00696542814947,-0.0074697443313405,-0.0263921519519227,-0.0085072304205393,-0.0298673712896772,-0.0140569102034426,-0.0810059897739398,0.0,-0.026507124342984
2024-04-12,-0.1097537437118505,-0.041855043148248,-0.0408894843058877,-0.0033115480068987,-0.0140746555701078,-0.1000665291434054,-0.0993069129270758,-0.1506191908573062,-0.1414473029174646,-0.1441641488710648
2024-04-13,-0.0930369640271678,-0.0453000263193734,-0.0502172927069198,0.0029967604615055,-0.0705595648879368,-0.12273408411671,-0.1232554348180495,-0.1720881429471823,0.1647508689893113,-0.1354550535293049
2024-04-14,0.0857119829538155,0.0241550183956615,0.0300408910426832,0.0335849706646627,0.023306232525198,0.0595229269972652,0.0487480543719669,0.0631990254382564,0.0,0.0950171439906033
2024-04-15,-0.0844520359348476,-0.0345093517779386,-0.0351773717855853,-0.0136080561128453,-0.0252881993460455,-0.0056444168002207,-0.0129437254766375,-0.0361462266969278,0.3519736993267137,-0.0578629812552939
2024-04-16,-0.016094982418232,0.0054960086008306,0.0060803307977836,-0.0063408720885657,-0.0272126236546034,-0.0333396741614637,-0.0020814221546499,0.0225695224302708,0.0,-0.0111211175912111
2024-04-17,-0.0323830991617926,-0.038629046299204,-0.0397288489105271,-0.0065986284838026,-0.0063464928148586,-0.0537474046509227,-0.0037326778636601,-0.036886583917288,0.0,-0.0350909147766206
2024-04-18,0.0774741257271769,0.0358277159858939,0.0364912407749862,0.0017484236243605,0.0332252458692863,0.0328105181672917,0.0164536982984151,0.0216317526477765,-0.2579075322414675,0.0388898270343969
2024-04-19,0.0042095204301944,0.006349984635199,0.0052086610311106,-0.0032901442680657,0.0049208625204879,0.0250577384813341,0.0015965816349383,0.0053313356152917,0.1639344371797315,-0.0036832553628854
2024-04-20,0.0592447054014835,0.0158961094154983,0.0180264212686844,-0.0124624646218742,0.0289629454778004,0.0419727608590017,0.0506305690863377,0.0684617217653937,0.1239437051568415,0.1030621964362814
2024-04-21,-0.0167020892831667,0.0006638011270838,-0.0010431180502996,-0.0001831154028354,0.0151664146164403,-0.0280481571793522,-0.0087153660959387,-0.0082471499938402,0.1127819351437227,-0.0309131356624322
2024-04-22,0.0566714514244408,0.0291943693411975,0.0294337582058501,-0.0006871602578882,0.0447803204825192,0.0185390742128848,0.0612811794603227,0.0596106149473616,0.0,0.0568187377363973
2024-04-23,-0.0148372424668148,-0.0069155669320489,-0.0064395749824405,0.0007463502998279,0.0020891477903743,-0.0077546238305804,-0.0209650755482595,-0.0183384523967445,-0.0135135507172536,-0.0239480090118905
2024-04-24,-0.0449651107337817,-0.0326970178292919,-0.0320804467601734,0.0013233451709735,0.0020524060553521,-0.0537062847155584,-0.0325684296842968,-0.0420760399954005,0.5091325230996468,-0.0501068837520255
2024-04-25,-0.0193104639175364,0.0054268292868371,0.0031863484195515,0.0121836280746678,0.0097336283081914,0.00026424618214,-0.0035874399931919,0.0100320004495306,-0.1679274216543439,-0.0215719979500095
2024-04-26,-0.0399454487054599,-0.0115935232208645,-0.0112650044825576,-0.0127645700671852,-0.0265462991624733,-0.0234949648514515,0.0011418197524042,-0.0225687582252608,-0.3127272744591293,-0.0331189582035499
2024-04-27,0.0157064094348369,-0.0062847588232982,-0.0052729668026479,0.0085008904666843,-0.0033209072047378,-0.0008184516084941,-0.0158464748130529,0.0244051113517713,0.0,0.0007292297041414
2024-04-28,-0.0242959494583254,-0.0057514330847098,-0.0048236250639039,-0.007880095466208,0.0073031678890524,-0.0068848618079616,-0.0142880774709004,-0.0157543417618106,-0.1455026766669959,-0.0142685046660734
2024-04-29,-0.0005785562503445,0.0127402120768818,0.0115330909160229,0.0154853707119302,-0.0120651176018143,-0.0218610773623408,0.0099044636011633,-0.008715191817629,-0.0619194382510557,0.0419951893356111
2024-04-30,-0.0784889821848374,-0.0500059550269755,-0.0501912493092746,-0.0047661019454642,-0.0241944077322773,-0.0708401244705768,-0.029813770755387,-0.0685006013580769,1.9702969003659807,-0.0751558136878303
2024-05-01,0.0603741688728303,-0.0394348147679284,-0.0392969544937571,0.0050000282177864,-0.0295249562458034,-0.0239486806481948,0.0338655772990186,0.0046158931839339,-0.4322222223659506,0.0177847774024868
2024-05-02,0.0236689898049173,0.0158642449600252,0.0149246695523317,0.0149355485343067,-0.0015701048215112,0.0151536473973579,0.0025706087317227,0.0147106248756494,-0.2230919704978959,0.0097471132015536
2024-05-03,0.0432325303565952,0.062514834907156,0.0637040529416774,-0.0150438020803973,0.0472478867380905,0.1062782359090603,0.0261706430386523,0.0451270371775904,0.1108312728503548,0.0586784154767974
2024-05-04,0.0164322258375309,0.0139720385334207,0.015926845790239,-0.0064618249777015,-0.0019827235107712,0.0958698539880738,-0.0027995110997107,0.0026883062073115,-0.1383219893292601,0.0499351065411555
2024-05-05,-0.0028879284735985,0.0035428617488284,0.0021858966532419,0.0022464767491376,0.0107431257559766,0.0056882454093118,-0.0011707303039909,0.0115026368919508,0.0,0.001073494667241
2024-05-06,0.0486529641657857,-0.0122860817938933,-0.0135743903874885,-0.0022512522058977,-0.0061884458979462,-0.0276902100278364,0.0203158061366284,-0.0236472150855131,0.0,-0.0070471347703453
2024-05-07,-0.0305497531570119,-0.0136129661585545,-0.0130954288575765,0.0072897314042528,-0.0186749280979589,-0.0409813331100494,-0.0292352722068913,0.0022504402941065,0.0,-0.0483766843724768
2024-05-08,-0.0394208730805136,-0.0198374064618568,-0.0183986264197131,0.0087371170962742,0.0185480493966412,-0.0459151033626085,-0.0143193639341812,-0.0216277126929205,0.0,-0.0366290133986023
2024-05-09,0.0741784720229463,0.0312661001439902,0.0304311517670996,-0.0119637142682491,0.0133195642183008,0.0615726550903477,0.0073449363591346,0.0425337474672866,0.0289473581421735,0.0303535949448694
2024-05-10,-0.0433957721009937,-0.0354709986553174,-0.0357999205739,0.0151372526678121,-0.0174651534583162,-0.0531564254100961,-0.0358732498258863,-0.0638597403527535,0.0230178542690344,-0.0389997676209792
2024-05-11,-0.0061725206369004,0.000732567640262,1.5356984674586016e-05,0.0021774729719419,0.0109382819963326,-0.0076858956830797,0.0072401766859879,-0.0233903254094108,0.1200000436557211,-0.0069222930288018
2024-05-12,-0.0123426455240466,0.0090959762416298,0.0107689361885321,-0.0077202857570358,0.0040482340587961,-0.0118454246884235,-0.0128464956156616,0.0100419648131186,0.183035741257326,-0.009316506915511
2024-05-13,0.0262088843243197,0.0242071618885408,0.0236467477886836,0.0015497801378794,-0.004740091746096,0.0510015349469474,0.0108654144490323,-0.003204013093943,-0.0018868067509152,-0.0224775328758919
2024-05-14,-0.0356589805844101,-0.0208041747012424,-0.0214408439392201,0.0048379906830939,-0.0420885911402256,-0.0203120355433767,-0.0099326513868148,-0.028251206404064,0.0,-0.026316071235275
2024-05-15,0.1137533486948576,0.0759116671481079,0.0765960925054549,0.0061027673141107,0.0271168500175769,0.0695025793880135,0.0382426390699957,0.0705963796601885,-0.1001890813653128,0.0985506547613976
2024-05-16,0.0058767627683871,-0.0139079046016563,-0.0156322522862183,-0.0111451748174018,-0.0221347916146308,-0.0378650425742681,-0.0063698385817556,-0.0016928964897121,-0.3487394708790086,-0.0062880518435107
2024-05-17,0.0654495037138986,0.0249322089694956,0.0279050869543215,0.0013218996950263,0.0210616717635612,0.0396024923000659,0.0157184883871051,0.0272855731873491,-0.6032257934290198,0.0569314246383008
2024-05-18,0.017746599253273,-0.000206309837,-0.0016564833198177,-0.0045531220284928,-0.0011996396565184,-0.0159806031922891,-0.0046085712825927,-0.0008747881291493,1.1219511964270286,0.0231945336701229
2024-05-19,-0.0141868357576039,-0.0096344866230999,-0.0098958699868109,0.003714312286752,-0.0100769635742339,-0.0259347381012272,-0.0224956395978587,-0.032254100246269,0.6475094704536268,-0.0441791038054123
2024-05-20,0.0965900838666031,0.0766051250866202,0.0780017424143035,0.0126814325605362,0.0452197160523921,0.1112020195872622,0.0542948975012902,0.1463087927259407,-0.1999999729268362,0.1268208166395357
2024-05-21,-0.0450585484538489,-0.0158558976300715,-0.0183582532317723,0.0021169932685973,0.0296431135903894,0.0288856154522121,-0.0006513623145192,-0.0075549566203337,0.043604644768362,0.0255191161482823
2024-05-22,-0.0070480475489633,-0.0140252644739051,-0.0144603004229696,-0.0023286963809884,-0.0060615654979604,-0.0252882874913594,-0.0195034343129376,-0.0280980046108892,-0.1866294894280217,-0.0284549990047104
2024-05-23,-0.0049473942492753,-0.0203755563266803,-0.0172559769765087,0.0017506586893178,-0.0260318362502859,-0.0394191198824138,0.0033731173101279,0.0354522003171038,0.0,-0.0371040965682684
2024-05-24,-0.046531362293387,0.0116175227398118,0.0087817297881169,-0.0002762257267935,0.0025975103742901,0.0262509817767848,0.014134449442908,0.016377650904803,0.589041072679575,-0.0133756205184776
2024-05-25,0.0038184047107054,0.0087635689610403,0.0107965247275187,-0.0029192811943699,0.0032797100619568,0.0620074371626888,0.011303736219528,0.0599039693935754,-0.004310377541306,0.0077464718025332
2024-05-26,-0.0301994912638946,-0.0101609768295919,-0.0107968144970229,-0.0039498099342581,-0.003933165179356,-0.0444930204557753,-0.0250974499911826,0.0422053507445436,-0.0216449976467212,-0.0401104403316039
2024-05-27,0.0406807241042224,0.0130785642992359,0.0127916713605302,-0.0003102709544706,0.006169290651137,0.017266324423445,0.0105279787314471,-0.010015817375809,-0.3362831653274614,0.0403317179983908
2024-05-28,-0.0079136569891732,-0.0147689849290905,-0.0158274081078272,0.0050471760628996,-0.0038327590616551,-0.0244130877824578,-0.0103732933953069,-0.018653903659163,0.0,-0.0324034059214616
2024-05-29,-0.0034282114907286,-0.0123233554724724,-0.0105148573836674,-0.0045920826123344,-0.0103810268095986,-0.0076805632888821,-0.0094408762136927,-0.0282415801384641,0.0,-0.0232048043120932
2024-05-30,-0.0065218549823505,0.0118305470527944,0.0116442828412868,0.0006640642656488,9.201866799224412e-05,-0.0253580552707077,-0.0083842096359973,-0.0062974898410954,0.0,-0.0041328700133154
2024-05-31,-0.0080180214263507,-0.0124752385624217,-0.0127781500011598,-0.0022501212158199,-0.0025283828904517,-0.0025573426724297,-0.0020449066133274,0.0096399765668508,0.0,0.0018975130929039
2024-06-01,0.0023724041667276,0.0041250691523713,0.0031933460054698,-0.0001000168648019,0.0131113183817397,0.0066861208775443,0.0009907632364793,0.0008565902101795,0.0,-0.0082025402916768
2024-06-02,-0.0167484821688034,0.0002897654697762,0.0006596674454519,-0.0017247811270009,0.0028644604704455,-0.0187203046459627,-0.0093206540269961,-0.0075855193380434,0.0,-0.023143703865217
2024-06-03,0.0102514818091765,0.0166483916107123,0.0155447201720899,0.0044721551007593,0.0388148244714467,0.0068764816346735,0.0128885204272926,-0.0219268044346956,0.0,0.0030909620836523
2024-06-04,0.0417070055726902,0.0240211384386157,0.0256229922248316,-0.0013582818687062,0.0954107369840906,0.0200149216846912,0.0108921443576142,0.0212937998873921,0.0,0.0294751116088924
2024-06-05,0.0097844333852523,0.0077082058418467,0.0072987246080176,0.0133951011294539,0.0184901808494097,0.0110560248593272,-0.0001027109221501,0.0121591567682448,0.0,0.0124274617941126
2024-06-06,-0.0199828908816104,-0.0044667726941225,-0.0045813636623915,-0.0038001243898576,0.0165614844422181,-0.0188439196075773,-0.0078617074190867,-0.0187319441332982,0.0,-0.0166962000393778
2024-06-07,-0.044167377254529,-0.0205320186957214,-0.0199920127345761,0.0019171173517704,-0.0381484304064786,-0.074026461820329,-0.0433818628082307,-0.0486065250058583,0.0,-0.0669424808640091
2024-06-08,-0.0279258468166664,-0.0003547053141141,-0.0005308786729295,-0.0375583527852526,-0.0010182038776419,-0.0151311546930271,-0.0116364115506513,-0.0459282525387623,0.0,-0.0363425398338271
2024-06-09,0.0260475337232495,0.0052935087078995,0.0049378101278765,0.0056384130849922,-0.0136961046907826,0.0048951963577503,0.0110271828466446,0.0052543751925873,0.0,0.0210076319861522
2024-06-10,-0.019468833100443,-0.0028674161343549,-0.001948526199214,0.0051288115292988,-0.0726679851822011,-0.0138579972295983,-0.0039211176264155,-0.0286581336507195,0.0,-0.0210547691282343
2024-06-11,-0.0597694380119949,-0.0306928735361884,-0.0313649611377125,0.0106473464083129,-0.0349602745036781,-0.0458476834480265,-0.0328374160694235,-0.0335464296540525,0.0,-0.02270393162575
2024-06-12,0.0384703202641729,0.0138252444568556,0.0135025816557405,0.0011012565981884,0.0276101484637032,0.0585934208264715,0.0233594436635162,0.0254936767771911,0.0,0.0549097810056191
2024-06-13,-0.0506719115192684,-0.0218904626965564,-0.0217579605058895,-0.0563487084393942,-0.0317828052907041,-0.0351309090660758,-0.0295703491577753,-0.0694369246854385,0.0,-0.0688295972736939
2024-06-14,-0.0286461154802194,-0.0108748405711814,-0.0111645430991574,-0.0083246507111216,0.0061140519350812,-0.0431731213718958,-0.0057232354211318,-0.0015747938220187,0.0,-0.0223403804747166
2024-06-15,0.01619755173821,0.0024191730072267,0.0027253941690672,0.0371709423810078,0.0076633365410203,0.011824878393293,0.0346128585421616,0.0272612948261694,0.0,-0.0100195022702276
2024-06-16,0.0392902845671994,0.0074897001878913,0.0067689999395688,0.024933237801525,0.0037036653955924,0.0027167019338911,-0.0037885537792065,-0.0034482541103496,0.0,0.0017117935726931
2024-06-17,-0.0515546950418112,-0.0043233225744895,-0.002232174783037,-0.0274325520809302,-0.0091576643613762,-0.0587716426032792,0.0334020221332382,-0.0055888792633937,0.0,-0.0518899621620879
2024-06-18,-0.0406760805680064,-0.0190711663102635,-0.0202969582732819,0.0011935221212333,-0.0260812414241983,-0.0511525165227407,-0.0281336273999202,-0.0361600494887507,0.0,-0.0653539294618339
2024-06-19,-0.0137770097682262,-0.0024276362891889,-0.0027701435671353,-0.0015653577598974,0.0171048163897526,0.000367972031201,0.0046705975500866,0.0652066154831132,0.0,0.0102587777787412
2024-06-20,-0.0157558343575463,-0.0014183958291027,-0.002026478192569,-0.0042109447261778,-0.0194807974821503,0.0169853457887052,-0.0091740258949287,-0.0294377176143671,0.0,0.0242625746482654
2024-06-21,0.0083563080837434,-0.0129480626939573,-0.0112983528214036,0.0051899723356438,-0.0020358318040943,-0.0031345745398165,0.0004910788660583,-0.0341936893231835,0.0,-0.003411557887525
2024-06-22,-0.0068212488374932,0.0030803902807003,0.0024397531859308,0.0029512891718548,0.0082801530608471,-0.0019350760451305,-0.004775505235959,-0.0031968664988475,0.0,-0.0667794103586897
2024-06-23,-0.0380026147766041,-0.0154263569424378,-0.0166807508939937,-0.0002791659357843,-0.022940640869621,-0.012375864280969,-0.0146561572181681,-0.0114059877253415,0.0,-0.0220988230753211
2024-06-24,0.0283922422621143,-0.046609178341154,-0.0459535643123367,0.0028847735673009,-0.0166884441330004,-0.0262888964307942,-0.011149369869975,0.0700059839991831,0.0,-0.0087774939099113
2024-06-25,0.0326509720336944,0.025119703719336,0.0253366304154398,-0.0023532619413484,0.0185442833792153,0.059726377063104,0.0032521875629927,0.0657061187332732,0.0,0.0228797502312241
2024-06-26,0.0003657169571991,-0.0150345879954169,-0.0160726325920611,-0.0036118492535511,-0.0098626986415351,-0.0275380242228165,-0.0127920964029336,0.0261066172328543,0.0,0.015911686945951
2024-06-27,0.0939851669033333,0.0122653217306831,0.0130489519734049,0.0066121904569158,0.014668864522531,0.0344965050674752,0.0107645025648972,-0.0120686391429389,0.0,0.0810623219086024
2024-06-28,-0.0652063266923272,-0.021107205313343,-0.0208533108817551,-0.0067797319174838,-0.0246794830365795,-0.0324794263796739,-0.0079425978096385,0.0026247974830861,0.0,1.750407003808796e-05
2024-06-29,0.0021957048810117,0.0092854838548965,0.0094038611043745,0.0137653035676472,0.004701456337355,-0.0088770575046409,0.0023551482856727,0.0314421912340425,0.0,-0.0061040957029219
2024-06-30,0.0462991127112304,0.0296191418007039,0.0294135516205669,0.0050247254193107,0.022215458741984,0.021413524525254,0.0073920168289283,0.0075375006790914,0.0,0.0589842524338115
2024-07-01,0.0007001695322716,0.0017329487012816,0.0027710949321257,-0.0095758681847628,-0.0087391197701824,-0.0069426067651308,0.0024354162778019,0.0109336186719184,0.0,-0.0185532191881602
2024-07-02,0.0484697292275191,-0.0130370030959859,-0.0130936978852905,0.0007583584813495,0.0039781174435269,0.012750945265014,0.0165302376265035,-0.0701511336283756,0.0,-0.0060207354337498
2024-07-03,-0.0843788516035328,-0.0289878939333387,-0.0299068707008841,0.00196962798535,-0.0386943910969672,-0.0523533549900943,-0.0366547907209791,-0.0782436229353646,0.0,-0.0751099054844132
2024-07-04,-0.0936578049553213,-0.0506857096865179,-0.0531163442635422,-0.0061313791757512,-0.0765090794245402,-0.1146609363440128,-0.0710986755282753,-0.056947411557877,0.0,-0.0771907029909636
2024-07-05,0.0534572778483224,-0.0087140904405503,-0.005534237213954,-0.0068227332515153,-0.0311261842906178,0.0067405921210823,-0.0186404225529955,0.0051134089460211,0.0,0.0281433306894409
2024-07-06,0.0660257875598637,0.0272204734779866,0.0289639123404199,0.005006218918429,0.0595959990261256,0.0759607261539485,0.0553735474508834,0.0420977517603524,0.0,0.091866364276427
2024-07-07,-0.0800544002665685,-0.0392504666300788,-0.0420974391429121,0.0040897206143941,-0.0702350736812348,-0.082585930872068,-0.0650925375693916,-0.0597301343935818,0.0,-0.0633410894257601
2024-07-08,0.0583544572471321,0.0142154296012171,0.0153268027159116,-0.0011390636224799,0.0407676190911019,0.0321302361966757,0.0277664631067027,0.0477250253309209,0.0,-0.0187877901513042
2024-07-09,0.0135142719942127,0.022474670499776,0.0229984421181268,0.0158561077895205,0.0116601863946801,-0.0006320261049087,0.0102809311685689,0.0399812261760799,0.0,0.0475538975883433
2024-07-10,0.0044311966260379,-0.0041235880428203,-0.004598069730556,-0.0110530102400411,0.0153869839398863,0.0047342539936003,0.0071619344996489,0.0682677951901697,0.0,-0.0247499950911487
2024-07-11,-0.0429059827222644,-0.0065278624440484,-0.0068854320153477,0.0093173122668603,0.0011849406988555,-0.0125437399691985,0.0227839055053564,0.0199853939935059,0.0,-0.0210398056859681
2024-07-12,0.0268229626075335,0.0091953276624603,0.0096704440195969,-0.0295409470675777,0.0164133269455042,0.0095437450869977,0.0572085964082786,0.0493758573038882,0.0,0.0296855975345087
2024-07-13,0.0171790403175464,0.0234691878304567,0.02301382724082,0.0238117202888483,-0.0026388552191631,0.043376514435937,0.1086911813302986,0.0189384133447447,0.0,-0.0038926300858818
2024-07-14,0.0401433364207501,0.028315663802942,0.0262669009152312,0.0030371156059521,0.0234243212252964,0.0275285412953312,-0.0065852541268253,0.0506757125316545,0.0,0.0191747428240494
2024-07-15,0.083399727285206,0.0634926066745475,0.0671575521272613,0.0076298105212448,0.0758460102774831,0.0847041251600004,0.0287169046252444,-0.0023025098227209,0.0,0.0563369421701251
2024-07-16,0.0038634984357577,0.0042284443370523,0.0034992378705562,-0.0060334496063605,-0.0163050648550737,-0.0023716939343347,0.0771513376133563,-0.0340368986468276,0.0,0.0062969717072112
2024-07-17,-0.030941857804007,-0.0135388756194032,-0.0150291601434634,-0.0242728586362508,-0.0133046786874473,-0.0243894380680287,0.0813116569461323,-0.024890588360796,0.0,-0.0277226435963886
2024-07-18,0.0224207462270848,-0.0027179433776293,-0.002257162928356,0.0181105013598008,0.0053414491432632,-0.0195924028091217,-0.0908432185857238,0.0048633740022845,0.0,-0.0042181315198163
2024-07-19,0.0635776409908133,0.0428300854859748,0.0427687342301363,0.0079173798580098,0.0380287645074823,0.0500769337147994,0.0073352849443473,0.0226093378699441,0.0,0.0386795792577361
2024-07-20,0.0278150736419828,0.0060511650393559,0.0067979482134701,-0.0271504535042681,-0.0002188704352817,0.0713261891359746,0.0364251423831865,-0.0178827431241114,0.0,0.0334524986658097
2024-07-21,0.0612439861385034,0.0135799128817788,0.014753144342986,-0.0028519282572359,0.0139477415471964,0.0426912761758231,0.0047355869561818,-0.0036350720148721,0.0,0.119278853302581
2024-07-22,-0.0301467184174391,-0.0080034038097386,-0.0083526875222309,0.022548473928879,-0.0231509229032739,-0.0163231447937195,0.0170218318681087,-0.0445186815390881,0.0,-0.0229028715004765
2024-07-23,-0.034756832781151,-0.0231732254427077,-0.0245257378644009,-0.0073008489994332,-0.0098963451127932,-0.0543221647119754,-0.0167534180584606,0.0021831353944825,0.0,-0.0633364059912459
2024-07-24,0.0305325812765415,-0.0090386891077349,-0.0084264929535705,0.0266701001015281,-0.0129205685700262,-0.0176622944434942,0.0357950909173441,-0.0475156192499044,0.0,-0.048413601670123
2024-07-25,-0.0340906061911159,0.0048200998210321,0.0061967344887139,-0.0061176092338567,-0.0067268656307368,-0.0223830364455366,-0.0307460763404598,0.0331958688016882,0.0,-0.0401131310406567
2024-07-26,0.0649770021966726,0.0340202843161721,0.0324555480531172,-0.0060702508583397,0.0181607149426643,0.072647519664271,0.0070887685013667,0.0527486660243645,0.0,0.0532537000192221
2024-07-27,0.0051801992459954,0.0009413289997168,-0.0014537411892032,-0.0040478308866266,0.0008791664955425,-0.0202950367475753,-0.0120399673237536,0.0370236671916612,0.0,-0.0217356843413035
2024-07-28,0.004349472709427,0.0021480759499923,0.0065257260077553,0.0092181918163467,0.0043171450277166,-0.0115281525627368,0.0086327581190781,-0.0260278442266133,0.0,-0.0243640192247758
2024-07-29,-0.0113880073227893,-0.0172654918837504,-0.0210377976893241,-0.0314442554318982,-0.0161907850959175,-0.0107706504100894,0.0002309140662015,0.06303551646393,0.0,-0.0115859953979565
2024-07-30,-0.0200973243443847,-0.0108565448709738,-0.0092621854754424,-0.0012642624980185,0.0226619510429377,-0.0239286656446444,0.0428360551044431,0.0025782917006773,0.0,-0.0274680883279867
2024-07-31,-0.0406518367870966,-0.0219671482404431,-0.0238933739923268,-0.0004429595850631,-0.0192234250992257,-0.0285122995233576,-0.0062719597859431,0.0216677908762872,0.0,-0.0235428664450627
2024-08-01,-0.0241758155882189,0.0083076451012111,0.0114246141823064,0.0301097189078696,-0.0021191932917768,-0.0227678881652068,-0.0440347540528196,0.0850065674504108,0.0,0.0001562568367001
2024-08-02,-0.0896624307461578,-0.0576947646932392,-0.0603210586964005,-0.0296191066751499,-0.0560405993545295,-0.0648126654121562,-0.0598409813925345,-0.0543128018653429,0.0,-0.0827506872335864
2024-08-03,-0.0636553001164915,-0.0141748683819323,-0.0119673021500665,-0.0006634869747162,-0.0247438989594521,-0.0299440411322733,-0.0078106532020659,-0.0400806109188452,0.0,-0.0386079901764829
2024-08-04,-0.0340529305604547,-0.0416972320652924,-0.0422398356545057,-0.0023510942770292,-0.0612717178123582,-0.041009844404233,-0.0593017959242789,-0.0834465754182204,0.0,-0.0641829515564225
2024-08-05,-0.0593298007488855,-0.0692872362245348,-0.070986478913151,0.0035000330637402,-0.06521050530126,-0.0889784589430517,-0.0648266373067333,-0.010674397182761,0.0,-0.0790632065737165
2024-08-06,0.109545568465055,0.034476784301761,0.0378367150532277,0.0088406829602205,0.0423929360432371,0.0197665905759212,0.0331606281974268,0.0786787605685521,0.0,0.0679231200396897
2024-08-07,0.0037596739886218,-0.0164822689474873,-0.0179685509402894,0.0092588542532368,-0.0208518755415374,-0.0088823881997391,0.188082937341794,-0.0516371942041996,0.0,-0.0501909340887738
2024-08-08,0.1265185640635666,0.1216385896342764,0.121442560994049,0.0139500788157536,0.0909120862283137,0.1244726324251708,0.0279073671127714,0.0345685889438922,0.0,0.1466391517203877
2024-08-09,-0.0397317656988138,-0.0167605823054147,-0.0134503581037733,-0.012135378901774,-0.0157630469258233,-0.0319355089559367,-0.0589789448600807,-0.0509272678228892,0.0,-0.0423515484541631
2024-08-10,-0.0159663259076342,0.002569895253665,0.0010791573012765,0.0030493767444803,0.0277600122122405,0.011810618499803,0.0076158992357946,-0.0323365976862572,0.0,-0.0085373698923116
2024-08-11,-0.0807507095236528,-0.0348017418254271,-0.0365296323680974,0.0498632486230987,-0.0372872822087521,-0.0440675771830441,-0.0557515813966981,-0.022044413013377,0.0,-0.0537196471677349
2024-08-12,0.0348158899350345,0.0104101953097066,0.0108146598485863,-0.0472729629143242,0.0292407012631608,0.0716047279025973,0.0286400493280987,0.0486419567024805,0.0,0.0421453194928838
2024-08-13,0.00176473805809,0.0192754812161419,0.0211449923907958,0.0482717983969065,0.010784990423386,-0.0125362946775917,0.0134167244442247,0.0209647489006166,0.0,0.0053803867589179
2024-08-14,-0.019011513616849,-0.0275379824115696,-0.0308911115194338,-0.0349545129302735,-0.0002160161223719,-0.0362821620294011,-0.0125035533796996,0.0868091991707484,0.0,-0.0201532860947157
2024-08-15,-0.0081824242316295,-0.0216328728785374,-0.0200413108132939,-0.0004795761540704,-0.0079099948785547,-0.0223099684199421,-0.0144713987402634,0.0187152245074495,0.0,-0.0396401004244008
2024-08-16,-0.0239254130683196,0.0220348317487359,0.0231759129469639,0.0245818247992242,0.0001890213577697,0.0017153864404888,0.0063481383954524,0.0415086757120657,0.0,0.0125631376622157
2024-08-17,0.0177128490024496,0.0080181688088487,0.0099308272507905,-0.0205742025906704,0.0428210930506578,0.0230588276835008,0.0031938525649912,-0.0161679306920475,0.0,0.0135609664581626
2024-08-18,0.0055598318158138,-0.0128411129442945,-0.0167287323244552,-0.0217127419804019,-0.0195962028670528,-0.0251375063689388,-0.0043155347040433,0.0048851323610665,0.0,0.0071963827913523
2024-08-19,0.0123209468938874,0.0128857753092865,0.0172609412502557,0.043572682941523,0.0530659800589536,0.0132971281660239,0.0615933844475407,0.0600268617417039,0.0,0.0195829442466273
2024-08-20,-0.0081468688039841,-0.0040422989576169,-0.0080792109215798,-0.0220114502330702,0.0168771025783487,0.014748192039188,-0.006979528508678,0.1099647721164807,0.0,0.0564224432548494
2024-08-21,-0.0031999519111942,0.0337263787031207,0.0366428757006145,-0.0003985244136945,0.0013223085558178,0.0306404688467485,0.0098363085285475,0.0697202769864713,0.0,0.049154740517697
2024-08-22,0.0038422400917303,-0.0107584356249992,-0.0129673046461273,-0.0078426642394709,0.0228626575522556,-0.0079975289425275,-0.004454597747202,-0.032014943628026,0.0,0.0739401357471309
2024-08-23,0.0687511769653084,0.0586167287522447,0.0614826718213559,0.0061701869516774,0.0150143592580209,0.0723496149517048,0.0228212798201012,0.0585545109354017,0.0,0.0495699356309402
2024-08-24,0.0497995520442142,-0.0005614607457168,0.0013205019089592,0.0027379025659335,-0.018661221206355,-0.0026211328838762,0.0030609790120594,-0.0466901445303572,0.0,0.0243715668721202
2024-08-25,-0.011339588042814,0.0032069023311755,0.0024081210374646,-5.729075039617726e-05,-0.0112133124152409,-0.0260408146363213,-0.0210826480596141,-0.0106829681688902,0.0,-0.0073961267945563
2024-08-26,-0.0105232552110239,-0.0192751646883718,-0.0225835970701276,-0.0079740003406847,-0.0442698106002108,-0.0401647959957121,-0.0211835501499242,-0.0496727738968246,0.0,-0.0374069205448476
2024-08-27,-0.0657592727806288,-0.0544212461025719,-0.0536973901889672,-1.0619651779952832e-05,-0.0270615051293383,-0.0592257897702479,-0.0339013024508347,-0.0695287912354449,0.0,-0.0714512672476153
2024-08-28,-0.020461308596363,-0.0075539503139302,-0.008007978437422,0.0011085400388815,0.0053190996885124,0.0057644671472614,0.0040454838365482,0.0465989640898614,0.0,-0.0264423640018359
2024-08-29,-0.0266684241658542,0.004636659863082,0.0061082363977882,-0.0005949458893816,-0.000354852808283,0.0080098207334737,-0.0136791005739554,-0.0207255483387254,0.0,-0.0237812029830104
2024-08-30,-0.0139520477075922,-0.0034947606257277,-0.0045245219909738,0.022857366807633,-0.0024409482403187,0.0161115795416737,0.0088532870230053,0.0701297698111511,0.0,0.0166144982922284
2024-08-31,-0.0197374272707615,-0.0027775589000078,-0.0025300989402683,0.0264037198645257,-0.0045184977927429,-0.0069676649644645,-0.0012662403258124,-0.0128219217888998,0.0,-0.0210129491721834
2024-09-01,-0.0493720219835983,-0.0273428649497065,-0.0278855856940782,-0.0454528026857615,-0.0380969659319041,-0.058994227513282,-0.0323549050241885,-0.0701875336140998,0.0,-0.0591905706716462
2024-09-02,0.0490464394493437,0.0313197510367393,0.031172733823612,-0.0029750983389115,0.0270067013083505,0.0394425089721626,0.0357615888277107,0.1177818012469045,0.0,0.0429262019987515
2024-09-03,-0.0549974201795645,-0.0272966627499904,-0.0284450427036115,0.0002013505522922,-0.0147591259629372,-0.0241739638983422,-0.0179638184390072,-0.1194480768210611,0.0,-0.0440436620023353
2024-09-04,0.047236582509506,0.0075099581131514,0.0094115617770285,-0.0132819676877812,-0.0209159422500125,0.0135030848743327,0.0014083348830007,0.1387461815850053,0.0,0.024131060438344
2024-09-05,-0.0319972918726714,-0.0320378012434087,-0.0312403432880655,-0.0416024861270259,-0.0113251221645429,0.0028972326100493,-0.0250458132983022,-0.0465802664965314,0.0,-0.0243430172381656
2024-09-06,-0.0335491384666426,-0.040772903070573,-0.0393823921886807,-0.0011442947468275,-0.0302082281650607,-0.0592520044432618,-0.0419867528198505,-0.0159506431900836,0.0,-0.0102585806114355
2024-09-07,0.0218536640391184,0.0049131521756891,0.003539165966313,-0.0136971881846497,0.0129869771716137,0.030026846065799,0.0071833529958724,-0.0135615919470499,0.0,0.030735400001786
2024-09-08,0.017757001027614,0.0133962033984929,0.0129642216026828,-0.0072009554503473,0.0198165032940778,0.0085974073409273,0.0079966336654793,0.0039780960644655,0.0,0.0650823768739576
2024-09-09,0.0387423724846351,0.0421490092169201,0.0397138319111138,0.0054271252029949,0.0309049539114938,0.0806515287842655,0.0195488100320393,0.1157421798437003,0.0,0.0277266739912156
2024-09-10,0.0045147275314303,0.0088277937002749,0.0110343898722757,0.0473880337387029,-0.0020471178447539,-0.0107580592338003,0.0026684345040652,0.0744360912072814,0.0,0.0209659376059707
2024-09-11,-0.0231343493467761,-0.0044411352701634,-0.0053000155169341,-0.021841006977728,0.0245615504239864,-0.0129877393146896,-0.0106564577118066,-0.0076523898008779,0.0,-0.043636165469532
2024-09-12,0.0275063227333141,0.013237310726569,0.0136692794995481,0.016636732096819,0.026612410537075,0.0140168188891889,0.0509310442159014,-0.0288312388612538,0.0,0.0314184091046036
2024-09-13,0.0217319816780532,0.0402315382822611,0.0420508295579824,0.015506823594509,0.0233588211000537,0.041975153666099,0.0187939577848459,-0.0054734844046833,0.0,0.0384280656590088
2024-09-14,-0.0138084374523165,-0.0084103556463177,-0.0093473258820168,-0.0056394020398197,-0.006199086058313,-0.0153761689657039,0.0402163304420983,-0.0298264528632097,0.0,0.0151581040372714
2024-09-15,-0.0414083580212885,-0.0134686947762523,-0.0137035829819472,-0.0005868102431925,0.000735643539248,-0.0240264925233167,-0.0423079733896095,0.0245224877412608,0.0,-0.058933119726564
2024-09-16,-0.0002037608970306,-0.0175512744775415,-0.0167333671885179,-0.0023922483197552,-0.0363975028541422,-0.0314767550173782,0.0252760854548801,-0.0216283018169959,0.0,-0.0133596920678473
2024-09-17,0.0004904721206175,0.0356753709328143,0.0363626062794542,0.0266319421608254,0.0228629826360335,0.0144844374319534,-0.0015459960291197,0.001310961730478,0.0,0.0101691278241866
2024-09-18,0.0186622127429145,0.0199882959289483,0.0222379889456469,-0.036169394951578,0.0238657188343334,0.0242047922932457,0.0012814190364658,0.0056625458604799,0.0,0.0370500098544945
2024-09-19,0.066007158401556,0.0243359127132438,0.0209372919744741,0.0243303427791494,0.0128414721248781,0.0139595623746715,0.0036224083352871,0.0613871199335533,0.0,0.0818655789023303
2024-09-20,0.0261175239436985,0.0037524727969031,0.0040120384115518,-0.0119452393040297,0.0041707421553893,0.0041892535884526,-0.003745515985164,0.0202980971378945,0.0,0.0354229342864838
2024-09-21,0.0201971765471138,0.0039018039402969,0.003194394254405,-0.0314235442714776,0.0359715396527453,0.0434053132513121,0.0221645137172856,0.0072803055634045,0.0,0.0089755487666369
2024-09-22,-0.0315888598939282,0.0026386928338735,0.0040046018631125,0.0430624443706437,-0.0016145815092182,-0.0337122703881858,-0.017587894380358,0.0518435687879423,0.0,-0.0183304438736148
2024-09-23,7.82941609627219e-05,-0.0046646367929348,-0.0050104731353185,-0.0249336904291385,0.0276814759523813,0.0170868908835606,-0.0043496854131257,0.0604439135689867,0.0,0.0025571139957931
2024-09-24,0.0557757443026492,0.0156553249757254,0.0153508767871859,-0.0033957798098445,0.0035691011037946,0.0149690837010936,0.0110739237565051,-0.0328065630152185,0.0,0.0392109825909752
2024-09-25,-0.0318442026598961,-0.0184983012378959,-0.0180215978029444,0.0444194560339656,-0.0316072596971764,-0.0115782464356832,-0.013528996688082,-0.0063408972884478,0.0,-0.0418378659641341
2024-09-26,0.0510235017235065,0.0308173266724178,0.0322738915701519,-0.0034987178221498,0.0160455209003589,0.089139582343392,0.0117901659344203,-0.0002759821610889,0.0,0.0683160590708837
2024-09-27,0.0139728624482446,0.0113930298761013,0.0093530990407064,0.0018562901314664,0.018583305727698,0.0468623217471138,-0.0025304824402225,0.0328203933559188,0.0,0.0444113364989777
2024-09-28,-0.0053090933712506,0.0001591518372758,0.0014741358273548,0.000743690075742,-0.0103637878712876,0.040068265371091,0.0439341717140382,-0.0393971044829684,0.0,-0.0367363920653194
2024-09-29,0.0109407256131792,-0.0015950708362728,-0.0038299097931742,-0.0004965137872405,-0.0085709557666807,-0.0310637622735006,0.0441540957913351,-0.0157107373434796,0.0,-0.0088920796502476
2024-09-30,-0.0378914960973635,-0.0364827625803574,-0.0351305550949797,0.0248843479610763,-0.048877558549515,-0.082182341118792,-0.0474416028177313,-0.030788848826792,0.0,-0.045783902489274
2024-10-01,-0.0480189769970098,-0.037895985885034,-0.0393575219684348,-0.0048692321115968,-0.033957862442058,-0.0645384055726082,-0.0228326311784826,-0.0728747643654549,0.0,-0.0675019345813761
2024-10-02,-0.0337554630372376,-0.0035524706767934,-0.003356881996554,-0.0247858891779625,-0.0096438279267373,-0.0213371997682478,-0.0965625557986172,-0.0396778566352848,0.0,-0.0187617096156886
2024-10-03,-0.0256463153190088,0.0019364131492718,0.0020882627636797,0.0164453766415619,0.0031557168577471,0.0032455425708088,-0.0331177656364606,0.0290218986224739,0.0,-0.0286723588300863
2024-10-04,0.0466942737870459,0.0213851892118208,0.0215287538766344,0.0014816237199446,0.0201299146096367,0.0396293134292005,0.0237339209982325,0.0551022678105859,0.0,0.0644048263582701
2024-10-05,-0.0032165831214061,-0.0006162017199966,0.0003620681473552,0.0111048973847474,0.0140892573863264,0.002040890638401,-0.0090671757417994,-0.0165981009960676,0.0,-0.0209810475194482
2024-10-06,0.0261409550146549,0.0106109416387176,0.0117410936137447,0.0038880146431659,0.0130210187481731,0.0182030794490901,0.0077356041879586,0.0086524421681379,0.0,0.0481832393902859
2024-10-07,-0.0167340696764395,-0.0052584059354384,-0.0092693835185588,-0.0144516970013147,-0.0112051299496821,-0.0253408634012081,-0.0068554190327548,-0.0214580074858433,0.0,-0.0138068058630459
2024-10-08,-0.0041486138189352,-0.0034962489168683,-0.0016821501344571,0.0150153241217316,0.0288117672247918,-0.0148267619126829,0.0017624926933037,-0.0250806951742326,0.0,-0.0084236620974276
2024-10-09,-0.0284452338745093,-0.0240086303818819,-0.0249447622324054,0.00807384416233,-0.0174476937771792,0.0083610573582795,-0.0123119250047746,-0.0250611275615155,0.0,-0.0215238004732976
2024-10-10,-0.003065875021344,-0.0075671171059635,-0.0050774330134892,0.0019284627894429,-0.013241616748298,-0.0181491036959398,0.010766149764614,0.0067382145213152,0.0,0.0034347594099082
2024-10-11,0.0467478654315207,0.038061895923751,0.0360117436685496,0.0028647401531098,0.0180042754107265,0.0448480937150579,0.0156987446155272,0.0244934138698222,0.0,0.0603999069887672
2024-10-12,0.0076979761850159,0.0116273050893869,0.0119774604475944,-0.0017034045494004,0.0062712470991752,0.0061679418815296,0.0023463300530111,0.0753756745475955,0.0,0.0441750972269976
2024-10-13,0.0073183715560902,-0.0059590501380251,-0.0054064265153874,0.0057836164898028,-0.0080285430130997,-0.0007180017763809,-0.0148640430652269,-0.000491945065017,0.0,0.0190011093957778
2024-10-14,0.0669006784708623,0.0504725752846215,0.0508302324332601,0.0071049792290205,0.0298672380996904,0.0477653310705523,0.0310062133309021,0.0519752635987917,0.0,-0.0037251884040154
2024-10-15,-0.0173044575843906,0.0132960144307971,0.0150649924579224,-0.0045670100621025,0.0089807323280348,0.0074836646913036,-0.0119868174374313,-0.0363672470311848,0.0,-0.0299875581517601
2024-10-16,-0.0031437593610348,0.0109029322220479,0.0085262517331365,-0.0034295725529432,0.0111557075995183,0.0701625761599298,0.0121764977916805,-0.0056098294759735,0.0,-0.0052595481962984
2024-10-17,-0.0254042038826287,-0.0051731549847942,-0.0031485616380424,0.0007543993330938,-0.0146104161614839,0.0308889905944957,-0.0080047470985633,-0.0192730982801004,0.0,-0.027883195504148
2024-10-18,0.0310007673246195,0.0160239209305932,0.0151180356869842,-0.0085150427315291,0.0123731221218359,0.0582687378443504,0.0053028877758614,0.0389234703462768,0.0,0.0307939814994588
2024-10-19,0.0300912627111911,-0.0001213213589914,-0.0008192879217548,0.0064735863299347,-0.0023192473805487,0.0533039595430553,-0.0041789920339702,-0.0046857782936288,0.0,0.0002839923541981
2024-10-20,0.0457309580988565,0.0100821124748828,0.0093467406744582,-0.0016045801376052,0.0126140871988087,-0.0169103281633041,0.0062379005766763,0.0039045927787031,0.0,0.0294080705165069
2024-10-21,-0.0043305795457786,-0.0220748890770594,-0.023678423698328,0.0034627619144669,-0.0110653330113164,0.0113102959623929,-0.0050926875223931,-0.0345538009700064,0.0,-0.0409723275537081
2024-10-22,0.0062765825508031,-0.0018293378228168,-9.56734161845496e-05,-0.0177078023809598,-0.0091128074563447,-0.0291043965838815,-0.021076798401625,-0.0050341697168942,0.0,-0.0052542492175985
2024-10-23,0.0219559057327691,-0.0150569462171649,-0.0137944112100539,0.01456628909052,-0.0183484832416321,-0.0072468899747415,-0.0153137664320121,-0.0234561061727137,0.0,-0.0340876842901772
2024-10-24,0.0364146180868241,0.0262118523240331,0.0260244203411819,0.0010287891524283,0.0200548157419007,0.0251991096551287,0.0124712054980391,-0.0102061966472027,0.0,0.0063961546957787
2024-10-25,-0.0699946607095838,-0.0233447236180904,-0.0222801808446562,-0.014154566949539,-0.0334949487561522,-0.0772886973995932,-0.0561192332787346,-0.0649388465545645,0.0,-0.072313724141049
2024-10-26,0.0361081464352701,0.0079410749493855,0.0055862509670021,0.0106327396173899,0.0148932287379242,0.0484226013843736,0.0216011465889891,0.0344339004898712,0.0,0.0198299069924785
2024-10-27,0.0342298013137296,0.0130818077952723,0.0136477761815534,-0.0010236547218521,0.0101401290961748,0.0506344631385642,0.0070598749090693,0.0356687152372707,0.0,0.0136346659932831
2024-10-28,0.0088117640225928,0.0285596118971105,0.029125296867722,-0.002286470927665,0.0201799384584759,0.1166777529801397,0.0055114391103021,0.0272398883352125,0.0,0.0203301027997666
2024-10-29,0.0070511484342865,0.0395409321571103,0.0402349390541754,0.0036264444225593,0.0084452843580078,0.0911511880289897,0.0167344645687659,-0.0022725738699673,0.0,0.0225654371379668
2024-10-30,-0.0247310283833049,-0.0034202795768604,-0.0052385938755442,-0.001551798386982,-0.0164123334759946,-0.0437502902454806,-0.009361337370685,0.0325251883867403,0.0,-0.0242150590617608
2024-10-31,-0.0371300893423284,-0.0279104249020561,-0.0293663961649603,-0.000474153813418,-0.0330576446366723,-0.0402863785080708,-0.0262671232252205,-0.0820139355280191,0.0,-0.0450838649028962
2024-11-01,-0.0128709970477145,-0.0128591321720249,-0.0104353313875292,-0.0010103692054845,-0.0056805918445171,-0.013552528595062,0.0071302670695734,-0.0139026282053736,0.0,-0.0090555343180002
2024-11-02,-0.001514387414643,-0.0015900903255106,-0.0027804900426771,0.0011436511312767,-0.0082503058086215,0.00082291737361,-0.0058844811033114,-0.0223939441728433,0.0,-0.0283353506592548
2024-11-03,-0.0208363243904631,-0.0080452437078315,-0.0079111271168753,0.0007052901170285,-0.0183002273089913,-0.0493484740611155,-0.0135707090970816,-0.0388427020023749,0.0,-0.022827880775205
2024-11-04,-0.0295549725982313,-0.0143883288398238,-0.0135233381858542,-0.000679208566152,-0.0099893831268332,0.0455055369461312,0.0005865285450608,-0.0354853896418846,0.0,-0.0353585036717977
2024-11-05,0.0568967415139745,0.024555714923663,0.0228287902369077,0.0003268372364741,0.0209048335718224,0.0747350471748715,0.0214675796255974,0.0594170367560566,0.0,0.0567913612946533
2024-11-06,0.1213537697370907,0.0897939333981605,0.0905356867699389,0.0040080982531773,0.0503594239686731,0.1555882509006101,0.0552458633929406,0.2780988087979688,0.0,0.126601719798991
2024-11-07,0.0501715233317192,0.0039703389287504,0.0035138086897459,0.0029228739337372,0.0108796040931,-0.0177923158902501,0.0226851193049988,0.0574733467242489,0.0,0.0129387329292955
2024-11-08,0.0183585368568111,0.0075812148019438,0.0084397388095418,-0.0029535369672698,-0.0008146031718834,0.0464539704402195,-0.0011771963022111,-0.0082979453304501,0.0,0.0508714363707054
2024-11-09,0.001279916063271,0.0018150205362126,0.0030490452928257,0.0076285575809182,0.044194897776179,0.0822680001819409,0.0097603212942303,0.0729681642187285,0.0,0.0570544744360785
2024-11-10,0.0520433195980416,0.0485232383769873,0.0481293935149595,0.0042420349748755,0.0062907664944076,0.2757986927417182,0.0534328919184448,-0.0253701316288307,0.0,0.0514408131797778
2024-11-11,0.0571090709908388,0.1003084252455868,0.1022352276001543,0.2309321201266259,0.0534531015217636,0.2523370843003336,0.0527417103374541,0.020790294576263,0.0,0.1180803632796045
2024-11-12,-0.0467561439225223,-0.0056838562148697,-0.0084065320919269,-0.0213277564614823,-0.0527028796535711,0.0935566136330905,0.1405908657004724,-0.0735587125823709,0.0,-0.0478887534204766
2024-11-13,0.0139128225362545,0.0256575559338025,0.0298826363806257,0.030228126704342,-0.0095749652651737,0.0452669426283813,-0.0246022582418465,-0.0389599525576097,0.0,-0.0268262248229637
2024-11-14,-0.0277226430942109,-0.0347223353789371,-0.036802617869276,-0.0386568732973001,0.0010947008635044,-0.0948055415255242,0.1198325445632979,-0.0875977914557767,0.0,-0.0595387094608977
2024-11-15,0.0424236625034342,0.046561292760261,0.0437313390738136,0.0505176216140361,-0.0045258961984298,0.0485088125697064,0.1540529443310749,0.0405000997025162,0.0,0.0637196845352299
2024-11-16,-0.0102986286779017,-0.0076755853531474,-0.0055732238866227,-0.0083915474986276,0.0056663498860103,-0.0407211176320424,0.2544572144097841,0.0270445792585487,0.0,0.0593876315127421
2024-11-17,0.1006570186674284,-0.0084546472806438,-0.0078692246938162,0.0013363547619933,-0.0063837641054267,0.0077306212566645,-0.0578639476492784,-0.0398496333771137,0.0,-0.0107250258715109
2024-11-18,0.0093390067277896,0.0103125334073694,0.0077553838088482,0.0216296219893901,0.0016743212282592,0.0141340696323564,0.0603233479975979,0.0531404702460223,0.0,0.0204492871537003
2024-11-19,-0.0070756535919846,0.0177289260948798,0.0198928198367862,0.0180763870929352,-0.0055664539098148,0.0527652174303436,-0.01430230796209,-0.0498515981255234,0.0,-0.0331282956330843
2024-11-20,-0.0112302254536524,0.0199407867834038,0.0216116659849128,0.0578793581503784,-0.0160229473091368,-0.0354127804048334,0.0003212964017724,-0.0322153903624584,0.0,-0.0200850285016214
2024-11-21,0.091928853485949,0.0448408897803569,0.044151545428309,0.026190378071611,0.027567035280444,0.0268081726435864,0.1343108853890728,0.0789449774570494,0.0,0.0666555508772821
2024-11-22,-0.0021286787554156,0.0056138551594173,0.0050042014957245,-0.0141191256684707,0.0171589924999904,0.0652886746605558,0.1748843733258787,0.0210946581434887,0.0,0.202804705026478
2024-11-23,-0.0052244312246925,-0.0126696660706633,-0.0123273899849751,0.0067299442569481,0.0279139117127595,0.0413829090832982,-7.546848277750762e-06,0.0098438455259888,0.0,-0.0371261071784997
2024-11-24,-0.0088525769821994,0.0018026987422865,0.0024191617876467,-0.0027684650203121,0.0140054339512856,-0.0003023118749656,-0.0249127399226093,-0.0193324471987169,0.0,0.0133303899442012
2024-11-25,-0.0730387092048945,-0.0452219841030019,-0.0501105193312582,-0.0377365220536559,-0.0358582864782579,-0.0850047204585883,-0.0118596690028424,0.0592436549970336,0.0,-0.0153886955820332
2024-11-26,-0.0147940476259434,-0.0155414369048145,-0.0119973040407334,-0.0120329693560596,-0.0362095371309992,-0.0145471765303105,-0.0099617389382627,0.0016529042488062,0.0,0.0334085809151405
2024-11-27,0.0490263610225463,0.0446582548439931,0.0432374527151537,0.0555346204109139,0.0511112388782111,0.0358780689545727,0.0510154316206454,0.1585297335162589,0.0,0.026493021304812
2024-11-28,-0.0187295357453546,-0.0042950972583077,-0.0032310787967048,-0.0102469942150302,0.0145951919761033,0.0012278683283972,0.0465306600820423,-0.0481698963154498,0.0,-0.0244173284613982
2024-11-29,0.0243329173432442,0.01793335357787,0.018912786163713,0.0248849938105963,0.0006848202803808,0.0592535549538357,0.1656918841719876,-0.0059363645556842,0.0,0.0486442166222318
2024-11-30,-0.023838092982634,-0.0086364366063366,-0.0103883944585503,0.0086577877547668,-0.00073393961804,-0.0090832769137979,0.0820323177861674,0.0645242625173236,0.0,-0.0006954477299278
2024-12-01,-0.0028341980956787,0.0084101897601924,0.0086131935423485,-0.0171759585000372,0.0024503455006743,0.0427802195310869,0.1934561116681155,-0.0138835708305953,0.0,0.0044317849263399
2024-12-02,-0.047723200967521,-0.0161479328714437,-0.014540372554583,0.0201871693491357,-0.0127116932876192,-0.0348913443815602,0.1696310447042204,0.1258156522267473,0.0,0.1601450727635285
2024-12-03,0.0374037235695625,0.0014117460903591,0.0014276215513644,0.0142758581561266,0.1391335384443706,-0.0395318845261267,-0.0693778523443352,0.0253451375607383,0.0,-0.0251097563767933
2024-12-04,-0.0216952061666793,0.0285351303687515,0.028815675297684,0.0702726851545436,0.0021094747568366,0.059024426634354,-0.0677414945281846,0.0616055763506271,0.0,0.0356445145225483
2024-12-05,0.0212963723901908,-0.0222816003235015,-0.0220207885039295,-0.0167121739620469,-0.033724306400052,-0.0031739182750023,-0.0251600617057544,-0.0251474164649964,0.0,-0.0378201280407437
2024-12-06,0.0130443806948121,0.0349854118560637,0.0344447421731697,0.0057745185762547,0.0247568003659774,0.0118977144973488,0.0564354148297792,0.1304582350955905,0.0,0.0348192826341728
2024-12-07,0.006314619038261,0.0004439173791419,2.627082989481444e-05,0.0028942320900418,0.0249538258833699,0.0417204743539796,0.0791373011275029,0.0014705161882775,0.0,-0.0173657749217009
2024-12-08,-0.0078626772710028,0.0096129231196593,0.0131368681317951,-0.030605791369312,-0.0092992724731333,0.0295448039122989,-0.0031629396377211,-0.0001322892739856,0.0,0.0436849553646929
2024-12-09,-0.0816777836103638,-0.0353896798584173,-0.037568614800964,0.0237168726936916,-0.0718035636922371,-0.1125151746967533,-0.1492883496505184,-0.0779444603152573,0.0,-0.1613697474046465
2024-12-10,-0.0161812002367366,-0.0062316330529351,-0.0077724307831654,0.008276269647172,-0.0187578055049306,-0.0487051997533714,0.0676932175160542,0.0546505528683347,0.0,-0.0130510288446933
2024-12-11,0.0637074588905755,0.046473486009936,0.0465226953429465,0.0016086616469779,0.0514466328299172,0.0506235319134953,0.0130468250052304,0.1000332975257205,0.0,0.0835789374196884
2024-12-12,-0.001847113999263,-0.0113796415558793,-0.0111692932003557,-0.003529939919076,-0.0082426152330952,-0.0191656713194177,-0.0238742426333041,0.220602606594948,0.0,0.0981741695759386
2024-12-13,-0.0096438984158468,0.0119893278589631,0.0141564908339413,-0.0089323898495505,0.0287708398357626,0.0062305524317107,0.0335282186868084,0.0240644962446838,0.0,-0.007867857339574
2024-12-14,-0.0222228978651216,-0.0012251546102108,-0.0008504799301751,0.0007612267740484,-0.0145391710316843,-0.0271462146780373,-0.0093395385549148,-0.0320030784679775,0.0,-0.0544382517805607
2024-12-15,0.0173621570567075,0.0309836727075298,0.028861012936449,-0.0003582922991014,0.0048045541353636,0.0208454350162003,0.0201129163619389,0.0093836938980207,0.0,0.0184987601200976
2024-12-16,-0.0327406976940131,0.015363342948037,0.0165967889848814,0.0181071018795404,0.0016576565382502,-0.0106775665250854,0.0170448898653177,0.0270469792998497,0.0,-0.0347033728176843
2024-12-17,0.0299617117777968,0.0005177542045149,0.0010457710706697,-0.0079685738179193,-0.0050586235504045,-0.0189011117424342,0.030752368131327,-0.047357345363335,0.0,-0.0235642131855788
2024-12-18,-0.0737600921813685,-0.0524234004956273,-0.0574621060198967,-0.0399450986055029,-0.0405461498198878,-0.0920481895295212,-0.1020868026552563,-0.0579977266230889,0.0,-0.1052464836941826
2024-12-19,-0.0586157900737233,-0.0257791803257323,-0.0254952688793256,-0.0030477174066171,-0.0306191321377862,-0.1200231900078203,-0.0236297844819735,-0.0714196339188322,0.0,-0.090949940414167
2024-12-20,-0.0003929274627471,-0.002245550053225,0.0027179605287093,0.0298931041322758,0.0172784320074073,0.0084013590417053,0.012448299942338,0.0434088348687136,0.0,0.023292940237394
2024-12-21,-0.0664581858032137,-0.0043074822845127,-0.0054339734346358,0.0007518434957678,-0.0218366337163925,0.0101916585238142,-0.0170294049645485,-0.0931594344633075,0.0,-0.0606664091424172
2024-12-22,-0.0062467113491152,-0.020733318470277,-0.0218029830213748,-0.005021844165847,-0.0219737961241246,-0.0272908367828673,-0.0173270928599234,0.0620409200790552,0.0,-0.0236792330150313
2024-12-23,0.0531988431130929,-0.0028445502330263,-0.0044024561027654,0.0035483190819325,0.0682837964551128,0.038524355813726,0.0263398125916092,0.2096935880561503,0.0,0.0688045777997063
2024-12-24,0.0381301475799751,0.0394603627236718,0.0421376059533464,0.0153656157149462,0.0053974221172852,0.0391864718249423,0.0298423799883456,-0.0225272392991561,0.0,0.0559610082524948
2024-12-25,0.0024877084383401,0.0051071974457577,0.0063146152104343,0.0052692472005579,0.0080170597509139,-0.007731688157043,-0.0123263365394279,-0.0173580519610796,0.0,-0.0233929706959605
2024-12-26,-0.0468959601186496,-0.0342662269363681,-0.0352840692865005,-0.0449951641440533,-0.0198865465795596,-0.0659938184420519,-0.0616867338262653,-0.0856512073345356,0.0,-0.0737343663825487
2024-12-27,-0.0233220554546056,-0.0136468089532677,-0.017022260795415,0.0089759935687372,0.0030060935839146,-0.0039071071134507,-0.0058900262097423,-0.0416033744203269,0.0,-0.0214661160713509
2024-12-28,0.0608450814587699,0.0089510745504424,0.0106097998672873,0.0092952465335502,0.0442183717372577,0.0414196681766041,0.0182915418484646,0.0936530025609045,0.0,0.0323823217245364
2024-12-29,-0.0270200315216878,-0.0163448278754495,-0.0171672516085114,-0.0261429519782511,-0.0377338060764838,-0.029633952524069,-0.0401885243957088,-0.0609173257712293,0.0,-0.0487278871593719
2024-12-30,0.0067658591661654,-0.0102001258880529,-0.0094837322393019,0.0039910613236662,0.014979051551079,-0.002564277850717,-0.0170119186512386,-0.0310909876571239,0.0,0.0022159886155341
2024-12-31,-0.0092319693552646,0.00880001398718,0.0084840775653842,-0.0016967133554722,-0.0044868854986935,0.0069120240491629,0.0109629368355648,-0.0405344817314161,0.0,-0.0059913581399825
